tjake,6,CASSANDRA-3017,benedict:1,jbellis:2,kirktrue:1,brandon.williams:1,mstump:1
,14,CASSANDRA-3362,jbellis:1
jasobrown,18,CASSANDRA-3486,justen_walker:1,jasobrown:3,rcoli:1,zznate:1,sirdavidhuang:2
,4,CASSANDRA-3516,brandon.williams:1
JoshuaMcKenzie,12,CASSANDRA-3569,JoshuaMcKenzie:13,krummas:4,jbellis:3,slebresne:1,brandon.williams:1
lyubent,1,CASSANDRA-3613,lyubent:1
JoshuaMcKenzie,6,CASSANDRA-3668,JoshuaMcKenzie:5,jbellis:1,yukim:2
stephenc,1,CASSANDRA-3732,githubbot:1
michalm,16,CASSANDRA-3783,tupshin:1,dmytro@data-united.co.uk:1
patrik.modesto,5,CASSANDRA-3811,mshuler:1
scode,5,CASSANDRA-3852,benedict:1,jbellis:2
,7,CASSANDRA-3853,jbellis:1
urandom,10,CASSANDRA-3991,brandon.williams:1,cscetbon:1
vijay2win@yahoo.com,1,CASSANDRA-4026,ramsperger:2,brandon.williams:1
JoshuaMcKenzie,4,CASSANDRA-4050,JoshuaMcKenzie:16,benedict:8,jbellis:6
,16,CASSANDRA-4071,jbellis:1
,3,CASSANDRA-4102,mshuler:1
appodictic,28,CASSANDRA-4131,alexmc:1
jbellis,6,CASSANDRA-4165,krummas:1,jbellis:2,mishail:1
jasobrown,35,CASSANDRA-4175,benedict:1,snazy:1
,32,CASSANDRA-4206,edevil:2,jbellis:1,dhendry:1,elubow:1,rcoli:1,efalcao:1,mat.gomes:1,rlow:1
cburroughs,8,CASSANDRA-4288,thobbs:1,jbellis:2,cburroughs:2
,4,CASSANDRA-4369,ertiop93:1
brandon.williams,6,CASSANDRA-4375,jbellis:2,brandon.williams:3
slebresne,28,CASSANDRA-4415,ShridharB:1,slebresne:1
brandon.williams,11,CASSANDRA-4445,benedict:1,jbellis:2,brandon.williams:3,Fan:2
slebresne,11,CASSANDRA-4450,pashka:1,slebresne:1
,16,CASSANDRA-4476,jbellis:1,dallaybatta:1
slebresne,6,CASSANDRA-4501,slebresne:2,brandon.williams:2
slebresne,20,CASSANDRA-4511,slebresne:2,nyadav.ait:1,rhatch:1
jbellis,1,CASSANDRA-4632,rcoli:1
,2,CASSANDRA-4646,shohou:1
,44,CASSANDRA-4687,xedin:1,jbellis:3,hsn:1,pokabalazs:2,jfurmankiewicz:5
benedict,30,CASSANDRA-4718,jjordan:1,iamaleksey:1,benedict:44,enigmacurry:6,xedin:10,jbellis:7,jasobrown:22,slebresne:2,tjake:1,cburroughs:1,liorgo2:1
yukim,4,CASSANDRA-4733,krummas:1,sivikt:2,kvaster:1
thobbs,7,CASSANDRA-4757,thobbs:3,jbellis:1,nickmbailey:2
blerer,13,CASSANDRA-4762,pmaedel:1,thobbs:3,slebresne:1,blerer:5,mshuler:1
dbrosius@apache.org,4,CASSANDRA-4771,rbfblk:1
,10,CASSANDRA-4784,jbellis:1,tjake:1
,2,CASSANDRA-4825,mshuler:1
slebresne,10,CASSANDRA-4851,iamaleksey:2,jbellis:1,slebresne:4
xedin,5,CASSANDRA-4857,cjbottaro:2,xedin:1,jbellis:1
iamaleksey,2,CASSANDRA-4867,cscetbon:1
xedin,10,CASSANDRA-4880,brandon.williams:1,cscetbon:3
slebresne,6,CASSANDRA-4911,thobbs:3,jbellis:1,slebresne:3
blerer,32,CASSANDRA-4914,brianmhess:1,snazy:1,slebresne:4,blerer:5
kirktrue,6,CASSANDRA-4938,jjordan:1,kirktrue:1,brandon.williams:1
slebresne,3,CASSANDRA-4988,slebresne:1
,13,CASSANDRA-5019,benedict:1
tjake,8,CASSANDRA-5020,benedict:1
,1,CASSANDRA-5086,jbellis:1
,3,CASSANDRA-5091,slebresne:1
brandon.williams,2,CASSANDRA-5131,thobbs:1,brandon.williams:2
iamaleksey,3,CASSANDRA-5152,brandon.kearby:1
bcoverston,25,CASSANDRA-5201,dvryaboy:1,jeromatron:2,jbellis:1,moliware:3,brandon.williams:3,hkropp:3,bcoverston:9
yukim,27,CASSANDRA-5202,iamaleksey:5,xedin:5,jbellis:2,brandon.williams:1,yukim:9
,1,CASSANDRA-5213,mshuler:1
,4,CASSANDRA-5218,mshuler:1
yukim,32,CASSANDRA-5220,SchnickDaddy:2,enigmacurry:4,jbellis:4,brandon.williams:2,rcoli:1,yukim:2,garo5:1,rlow:1,lyubent:1,cscetbon:1
slebresne,14,CASSANDRA-5239,benedict:2,rbranson:2
yukim,9,CASSANDRA-5263,kohlisankalp:4,timiblossom:3,jbellis:4,yukim:3
,3,CASSANDRA-5264,mtheroux2:1,mshuler:1
,2,CASSANDRA-5265,jbellis:1
yukim,2,CASSANDRA-5266,yukim:1,arya:2
lyubent,2,CASSANDRA-5274,lyubent:2
iamaleksey,6,CASSANDRA-5310,iamaleksey:1,jbellis:1,Scooletz:3
mshuler,2,CASSANDRA-5323,mshuler:5
JoshuaMcKenzie,6,CASSANDRA-5345,JoshuaMcKenzie:3,enigmacurry:1,jbellis:2,brandon.williams:1,mbyrd:1,arya:3
lyubent,31,CASSANDRA-5351,krummas:10,jbellis:5,yukim:5,lyubent:2
krummas,24,CASSANDRA-5357,krummas:8,jbellis:6,slebresne:8,rcoli:1,haebin:1
,7,CASSANDRA-5359,jbellis:1
jbellis,10,CASSANDRA-5371,ravilr:1,brandon.williams:1,br1985:2
krummas,5,CASSANDRA-5383,cmessaoud:1
tupshin,2,CASSANDRA-5394,tupshin:1
,2,CASSANDRA-5412,rcoli:1,arya:1
,3,CASSANDRA-5421,ondrej.cernos:1,mshuler:1
michaelnelson123,4,CASSANDRA-5433,brandon.williams:1,michaelnelson123:1
slebresne,1,CASSANDRA-5448,brandon.williams:1
,2,CASSANDRA-5453,winsdom:1,lyubent:1
philipthompson,5,CASSANDRA-5460,jjordan:1,enigmacurry:1,tjake:1,mshuler:1,philipthompson:1
,3,CASSANDRA-5461,jbellis:1
,3,CASSANDRA-5462,enigmacurry:1,jbellis:1
,4,CASSANDRA-5469,mshuler:1
jpi,3,CASSANDRA-5481,jpi:1,brandon.williams:1,mshuler:1,philipthompson:1
usrbincc,19,CASSANDRA-5483,ob:1,jjordan:1,benedict:2,jbellis:15,yukim:2,usrbincc:22,lyubent:15
,4,CASSANDRA-5493,ondrej.cernos:2,mishail:3,mshuler:1
,3,CASSANDRA-5503,mshuler:1
rspitzer,4,CASSANDRA-5547,krummas:3,jbellis:2,rspitzer:3,rcoli:1
benedict,14,CASSANDRA-5549,benedict:25,jbellis:22
dbrosius,3,CASSANDRA-5558,dbrosius:1,jbellis:1
,13,CASSANDRA-5561,jbellis:1
thobbs,6,CASSANDRA-5571,grecco-gn:2,brandon.williams:1,rcoli:1
slebresne,20,CASSANDRA-5590,iamaleksey:1,doanduyhai:2
,4,CASSANDRA-5591,jbellis:1
enigmacurry,9,CASSANDRA-5624,jblangston@datastax.com:1
iamaleksey,8,CASSANDRA-5631,jjordan:1,iamaleksey:3,Proggie:1,slebresne:1,rlow:1
slebresne,14,CASSANDRA-5633,jbellis:1
dbrosius,2,CASSANDRA-5635,dbrosius:3,jbellis:1
tjake,4,CASSANDRA-5657,benedict:3,jbellis:1,tjake:1
benedict,7,CASSANDRA-5663,slebresne:1,tjake:1
,2,CASSANDRA-5671,mshuler:1
,4,CASSANDRA-5676,mshuler:1
,4,CASSANDRA-5685,jbellis:1
,5,CASSANDRA-5686,mshuler:1
enigmacurry,3,CASSANDRA-5687,iamaleksey:6,enigmacurry:3
thobbs,12,CASSANDRA-5708,thobbs:3,slebresne:3
lyubent,2,CASSANDRA-5711,jbellis:1,brandon.williams:1,lyubent:1
alexliu68,3,CASSANDRA-5718,rohitbrai:1
,4,CASSANDRA-5720,jbellis:1
,6,CASSANDRA-5726,jbellis:1,yukim:1
beobal,12,CASSANDRA-5732,jeromatron:1
slowenthal,2,CASSANDRA-5733,dbrosius:1
,5,CASSANDRA-5741,jbellis:1,jim.zamata:1
kohlisankalp,4,CASSANDRA-5742,kohlisankalp:6,jbellis:1,mishail:1,lyubent:5
slebresne,6,CASSANDRA-5762,jjordan:1,slebresne:2
yukim,4,CASSANDRA-5772,jjordan:1
,2,CASSANDRA-5777,kmpm:1
,6,CASSANDRA-5780,brandon.williams:1,fhsnelson:1,rcoli:2
rhatch,7,CASSANDRA-5789,jbellis:1,rhatch:1
,5,CASSANDRA-5791,jbellis:1
lyubent,6,CASSANDRA-5818,iamaleksey:2,mishail:1,lyubent:1
dbrosius,3,CASSANDRA-5833,dbrosius:3,jbellis:2
,10,CASSANDRA-5836,snazy:1,jtravis:1
krummas,11,CASSANDRA-5839,kohlisankalp:4,ob:1,iamaleksey:1,krummas:2,yarin:2,jbellis:2
enigmacurry,2,CASSANDRA-5841,philipthompson:2
,3,CASSANDRA-5844,mshuler:1
,9,CASSANDRA-5850,rcoli:1
kishkaru,2,CASSANDRA-5853,kishkaru:2
,10,CASSANDRA-5863,benedict:5,xedin:2,jbellis:4,tjake:2,cburroughs:1
thobbs,3,CASSANDRA-5864,thobbs:1
lyubent,8,CASSANDRA-5872,dbrosius:1,enigmacurry:3,jbellis:7,slebresne:2,brandon.williams:1,mshuler:1,lyubent:4
,8,CASSANDRA-5895,harikrishnanp:2,dbrosius:1,brandon.williams:1,parsifal:1,cburroughs:1
daniels,6,CASSANDRA-5897,thobbs:4,daniels:5
thobbs,6,CASSANDRA-5899,thobbs:4,jasobrown:1,slebresne:1
,4,CASSANDRA-5901,kohlisankalp:1,rlow:1
blambov,4,CASSANDRA-5902,iamaleksey:1,ala.alkhaldi:1,jbellis:2,blambov:1
vijay2win@yahoo.com,6,CASSANDRA-5911,benedict:1,jbellis:2,tjake:1
,5,CASSANDRA-5913,philipthompson:1
iamaleksey,4,CASSANDRA-5918,iamaleksey:3,jbellis:2
krummas,2,CASSANDRA-5921,ravilr:1
,2,CASSANDRA-5924,mshuler:1
benedict,2,CASSANDRA-5927,benedict:1,jbellis:1
thobbs,5,CASSANDRA-5930,iamaleksey:2,thobbs:3,jbellis:1,jpotter:1
,2,CASSANDRA-5934,mshuler:1
krummas,5,CASSANDRA-5936,krummas:1,jbellis:1
rhatch,3,CASSANDRA-5942,mshuler:1
,6,CASSANDRA-5959,iamaleksey:3,snazy:4
dbrosius,6,CASSANDRA-5964,alf239:1,dbrosius:1,mishail:1,eric@apache.org:1,odpeer:2
,3,CASSANDRA-5973,mshuler:1
iamaleksey,9,CASSANDRA-5975,jbellis:1,srrepaka:1
,3,CASSANDRA-5987,gluke77:1,brandon.williams:1
,2,CASSANDRA-5989,kmueller:1,kazk:3,jbellis:3
,4,CASSANDRA-5992,jjordan:1,mshuler:1
lyubent,3,CASSANDRA-5995,jbellis:1,brandon.williams:2,lyubent:3
jasobrown,8,CASSANDRA-6018,jasobrown:1
iamaleksey,5,CASSANDRA-6038,iamaleksey:1,jbellis:2
thobbs,9,CASSANDRA-6053,brandon.williams:1
vijay2win@yahoo.com,8,CASSANDRA-6060,benedict:1,jbellis:1
,2,CASSANDRA-6064,iamaleksey:1
,2,CASSANDRA-6065,iamaleksey:3
lyubent,5,CASSANDRA-6066,iamaleksey:1,lyubent:1
blerer,5,CASSANDRA-6075,iamaleksey:1,thobbs:3,blerer:4
,4,CASSANDRA-6082,brandon.williams:1,graham:1,cburroughs:1
,3,CASSANDRA-6096,brandon.williams:5,ssinghg:8
,1,CASSANDRA-6100,jbellis:1
brandon.williams,1,CASSANDRA-6104,brandon.williams:1
benedict,15,CASSANDRA-6106,xcbsmith:4,benedict:8,jbellis:6,slebresne:3,blair:1
lyubent,5,CASSANDRA-6107,jbellis:1
slebresne,10,CASSANDRA-6108,benedict:5,jbellis:1,slebresne:2,tjake:1
,3,CASSANDRA-6110,jeromatron:1,brandon.williams:1
slebresne,2,CASSANDRA-6120,slebresne:1
brandon.williams,7,CASSANDRA-6125,jasobrown:1,brandon.williams:3,mshuler:1
brandon.williams,3,CASSANDRA-6126,jre:1,jbellis:2,brandon.williams:3,graham:1
urandom,3,CASSANDRA-6131,sebastianlacuesta:1,urandom:1,mshuler:1
m0nstermind,2,CASSANDRA-6134,m0nstermind:2,iamaleksey:5,jbellis:1
enigmacurry,3,CASSANDRA-6143,philipthompson:1
tjake,13,CASSANDRA-6146,jjordan:1,benedict:14,jbellis:7,slebresne:1,tjake:9,mishail:3
appodictic,6,CASSANDRA-6147,appodictic:11,thobbs:3,jbellis:3,zznate:2
,5,CASSANDRA-6156,keithwrightbos:2
kohlisankalp,2,CASSANDRA-6157,kohlisankalp:5,jbellis:5,lyubent:7
dbrosius,3,CASSANDRA-6162,dbrosius:3,andreas.petter:1,brandon.williams:2
,10,CASSANDRA-6167,benedict:2,tupshin:4,slebresne:2
vijay2win@yahoo.com,5,CASSANDRA-6168,vijay2win@yahoo.com:3,jjordan:1,brandon.williams:2
,7,CASSANDRA-6173,ngrigoriev@gmail.com:1
,3,CASSANDRA-6174,eitikimura:1,brandon.williams:1
slebresne,11,CASSANDRA-6178,kohlisankalp:2,iamaleksey:1,jbellis:1,tupshin:1,slebresne:1
brandon.williams,5,CASSANDRA-6190,jeromatron:2,brandon.williams:1
kohlisankalp,3,CASSANDRA-6198,kohlisankalp:1
,4,CASSANDRA-6206,xedin:1,jbellis:2,slebresne:1
,5,CASSANDRA-6209,benedict:1,brandon.williams:1
yukim,3,CASSANDRA-6210,rspitzer:4,yukim:3
alexliu68,2,CASSANDRA-6213,jeromatron:4,brandon.williams:1
,5,CASSANDRA-6224,cowardlydragon:1,slebresne:1
JoshuaMcKenzie,2,CASSANDRA-6229,iamaleksey:1
iamaleksey,8,CASSANDRA-6230,nickmbailey:1,rcoli:1
benedict,7,CASSANDRA-6236,iamaleksey:2,benedict:5,jbellis:2,slebresne:3,yukim:1,norman:2
blerer,12,CASSANDRA-6237,iamaleksey:1,thobbs:3,blerer:2
,7,CASSANDRA-6246,jbellis:1,bdeggleston:1
mishail,5,CASSANDRA-6255,luapmahp:1,jbellis:2,brandon.williams:1,mishail:2
thobbs,2,CASSANDRA-6256,thobbs:4,brandon.williams:2
,1,CASSANDRA-6261,kohlisankalp:1,jbellis:1,yukim:1
slebresne,3,CASSANDRA-6262,slebresne:1,brandon.williams:3
,2,CASSANDRA-6263,mshuler:1
benedict,4,CASSANDRA-6271,benedict:13,jbellis:11,slebresne:3
blerer,11,CASSANDRA-6276,iamaleksey:4,benedict:1,jbellis:1,slebresne:3,Daniel:1,blerer:1
krummas,3,CASSANDRA-6281,krummas:2,benedict:2,jbellis:2,slebresne:1
JoshuaMcKenzie,11,CASSANDRA-6283,JoshuaMcKenzie:22,jbellis:4,Andie78:13,bamboo82:1,mishail:1,graham:1
xedin,30,CASSANDRA-6285,kohlisankalp:1,appodictic:4,thobbs:1,mshang:1,krummas:4,benedict:8,enigmacurry:2,xedin:17,jbellis:14,brandon.kearby:13,slebresne:1,ravilr:2,brandon.williams:8,rhatch:5,rcoli:1,mishail:1,mshuler:5,chris.wirt:2,rbranson:8,ngrigoriev:4,kvaster:9
hoangelos,1,CASSANDRA-6286,brandon.williams:1
,5,CASSANDRA-6298,mshuler:1
,4,CASSANDRA-6303,mshuler:1
iamaleksey,2,CASSANDRA-6304,iamaleksey:1
mishail,3,CASSANDRA-6305,iamaleksey:3,mishail:6
mishail,7,CASSANDRA-6307,iamaleksey:7,thobbs:7,mishail:10
alexliu68,15,CASSANDRA-6311,ShridharB:1,dbrosius:3,slebresne:5,alexliu68:14,pkolaczk:9
rhatch,3,CASSANDRA-6312,enigmacurry:1,slebresne:1,rhatch:2
philipthompson,3,CASSANDRA-6313,philipthompson:2
,4,CASSANDRA-6320,mshuler:1
kohlisankalp,6,CASSANDRA-6326,kohlisankalp:6,jbellis:4,jasobrown:2,nickmbailey:3
slebresne,6,CASSANDRA-6327,recastrodiaz:1
mishail,2,CASSANDRA-6331,jbellis:1,mishail:2
,2,CASSANDRA-6332,jbellis:2,michaelsembwever:2
,2,CASSANDRA-6335,brandon.williams:1,mshuler:1,rbranson:1
,2,CASSANDRA-6339,jbellis:1
mishail,6,CASSANDRA-6344,swong15:4,mrvisser:1,mishail:4
alexliu68,4,CASSANDRA-6348,alexliu68:1
,5,CASSANDRA-6350,benedict:1,jbellis:3,slebresne:1
,4,CASSANDRA-6353,mshuler:1
,3,CASSANDRA-6354,jbellis:1,mshuler:1
jbellis,10,CASSANDRA-6357,iamaleksey:3,benedict:6,jbellis:11,slebresne:1,rcoli:1,pmcfadin:1,djatnieks:3
thobbs,6,CASSANDRA-6360,thobbs:5,benedict:4,jbellis:1,brandon.williams:2
brandon.williams,1,CASSANDRA-6361,boole:2,jbellis:2,brandon.williams:1
enigmacurry,4,CASSANDRA-6363,mshuler:1
benedict,7,CASSANDRA-6364,krummas:2,benedict:3
,6,CASSANDRA-6366,mshuler:1
,5,CASSANDRA-6367,kirktrue:2,brandon.williams:2,cscetbon:1
,4,CASSANDRA-6368,mshuler:1
xedin,5,CASSANDRA-6373,xedin:5,nickmbailey:4
alexliu68,2,CASSANDRA-6376,jbellis:1,brandon.williams:2,alexliu68:1
slebresne,10,CASSANDRA-6377,jbellis:1,ztyx:2,jkrupan:1
thobbs,5,CASSANDRA-6379,iamaleksey:3,thobbs:2
clardeur,5,CASSANDRA-6381,clardeur:9,jbellis:7,rcoli:1,mishail:5
slebresne,4,CASSANDRA-6383,iamaleksey:1,woolfel:1,slebresne:1
enigmacurry,4,CASSANDRA-6384,brandon.williams:1,jkrupan:1,mshuler:1
kirktrue,3,CASSANDRA-6397,jbellis:2,kirktrue:4,brandon.williams:5
thobbs,2,CASSANDRA-6398,thobbs:2,enigmacurry:1
beobal,5,CASSANDRA-6404,Daniel:2,brandon.williams:1
,9,CASSANDRA-6405,iamaleksey:3,jbellis:2,slebresne:3,alienth:9
xedin,5,CASSANDRA-6407,xedin:8,jbellis:1,nickmbailey:2,ngrigoriev:6
yukim,10,CASSANDRA-6411,thobbs:3,jbellis:1,pankaj.malhotra@ul.com:2,yukim:1
slebresne,2,CASSANDRA-6414,jbellis:1,slebresne:1,brandon.williams:2,mshuler:3
yukim,8,CASSANDRA-6415,cywjackson:1,jbellis:1,nickmbailey:1
lyubent,5,CASSANDRA-6418,nickmbailey:2,mishail:1
cscetbon,6,CASSANDRA-6421,jbellis:6,mshuler:14,lyubent:2,cscetbon:9
,6,CASSANDRA-6430,jbellis:1,slebresne:1,sungkyu:1
krummas,11,CASSANDRA-6434,kohlisankalp:1,krummas:5,jbellis:5
pauloricardomg,3,CASSANDRA-6436,pauloricardomg:1,jbellis:2,cburroughs:1,pkolaczk:2
slebresne,6,CASSANDRA-6438,iamaleksey:2,krummas:1,slebresne:4,rhatch:1
,4,CASSANDRA-6439,thobbs:1
kohlisankalp,3,CASSANDRA-6440,kohlisankalp:6,jbellis:3,brandon.williams:2,lyubent:5
m0nstermind,4,CASSANDRA-6446,m0nstermind:4,slebresne:4
kirktrue,6,CASSANDRA-6449,jbellis:1,kirktrue:1,brandon.williams:2,mishail:1,jblangston@datastax.com:2,sbassi:1
,6,CASSANDRA-6450,dzello:1,iamaleksey:1,cnlwsu:1
benedict,2,CASSANDRA-6451,benedict:2,jbellis:3,rspitzer:1
,2,CASSANDRA-6452,jjordan:1
alexliu68,3,CASSANDRA-6454,ShridharB:2,jbellis:1,brandon.williams:7,alexliu68:10
yukim,13,CASSANDRA-6455,krummas:2,jbellis:2,yukim:6
sgbridges,6,CASSANDRA-6456,sbridges:4,jjordan:1,jbellis:2,lyubent:4
mshuler,3,CASSANDRA-6457,benedict:2,jbellis:1,mshuler:5
,4,CASSANDRA-6458,jjordan:1,xapharius:1
,4,CASSANDRA-6461,jbellis:2,slebresne:1,alexliu68:2,jpmora:1
,3,CASSANDRA-6463,iamaleksey:1,Andie78:1
thobbs,6,CASSANDRA-6465,thobbs:5,jbellis:1,ianbarfield:1,brandon.williams:3
,1,CASSANDRA-6466,brandon.williams:1
,5,CASSANDRA-6467,Mark:1,daniels:2
,0,CASSANDRA-6469,shaochuan:1
slebresne,9,CASSANDRA-6470,enigmacurry:2,slebresne:3,lyubent:1
,5,CASSANDRA-6472,benedict:1,jbellis:1,rhatch:3,mishail:1
carlyeks,3,CASSANDRA-6473,carlyeks:1,jbellis:2
kohlisankalp,12,CASSANDRA-6474,kohlisankalp:5,krummas:1,benedict:1,xedin:1,jbellis:4,yukim:1
kohlisankalp,5,CASSANDRA-6475,kohlisankalp:6,clardeur:2,brandon.williams:3,mishail:1,nixon:3
brandon.williams,9,CASSANDRA-6476,kohlisankalp:1,benedict:3,brandon.williams:4,rlow:3
carlyeks,24,CASSANDRA-6477,jjordan:4,benedict:5,rstml:1,pbailis:1,jbellis:7,slebresne:1,tjake:2,mstump:1
iamaleksey,5,CASSANDRA-6480,iamaleksey:3,slebresne:2
iamaleksey,2,CASSANDRA-6484,iamaleksey:1,brandon.williams:1
lyubent,10,CASSANDRA-6487,iamaleksey:3,benedict:3,jbellis:3,jtravis:2,jkrupan:1,lyubent:5
slebresne,1,CASSANDRA-6492,pkolaczk:1
,3,CASSANDRA-6494,shaochuan:1
kohlisankalp,2,CASSANDRA-6495,jbellis:1
lucarosellini,3,CASSANDRA-6497,lucarosellini:1,mafernandez:1,jbellis:1,brandon.williams:2,aagea:1
mafernandez,4,CASSANDRA-6498,beobal:1,mafernandez:2,jbellis:2,adelapena:1,aagea:1
,2,CASSANDRA-6499,dbrosius:1,jbellis:1
,3,CASSANDRA-6502,mshuler:1
jasobrown,9,CASSANDRA-6503,jjordan:1,krummas:1,jbellis:1,jasobrown:10,rcoli:1,yukim:5
iamaleksey,19,CASSANDRA-6504,iamaleksey:3,slebresne:4
iamaleksey,6,CASSANDRA-6505,iamaleksey:8,benedict:1,slebresne:4
iamaleksey,14,CASSANDRA-6506,iamaleksey:8,slebresne:3,aabbeell:1
iamaleksey,4,CASSANDRA-6510,jbellis:1,rcoli:2
ala.alkhaldi,2,CASSANDRA-6513,ala.alkhaldi:4,jbellis:3,brandon.williams:1
thobbs,3,CASSANDRA-6514,thobbs:2,jbellis:2
,2,CASSANDRA-6516,kohlisankalp:1,jbellis:1,yukim:1
beobal,7,CASSANDRA-6517,beobal:2,awerrch:2,jbellis:1,slebresne:1,mshuler:1
,2,CASSANDRA-6518,lewismc:2,jbellis:1,mishail:2
mishail,3,CASSANDRA-6520,iamaleksey:1
krummas,4,CASSANDRA-6522,krummas:4,jbellis:2,dkador:1,cburroughs:1
brandon.williams,5,CASSANDRA-6523,jbellis:1,jasobrown:2,brandon.williams:4,garo5:1,cburroughs:4
thobbs,18,CASSANDRA-6525,thobbs:10,jeromatron:1,enigmacurry:4,mbligh:1,jbellis:1,slebresne:4,vkuptcov:2,vayasin:1,mshuler:1,shyamkg:3
slebresne,3,CASSANDRA-6526,thobbs:1,slebresne:2
,5,CASSANDRA-6528,iamaleksey:2,annesull:1,jbellis:2,ngrigoriev:2,machielg:4
krummas,3,CASSANDRA-6529,thobbs:2,krummas:3
mshuler,1,CASSANDRA-6530,brandon.williams:4,mshuler:3
,4,CASSANDRA-6532,iamaleksey:2,evoyt:2
,6,CASSANDRA-6534,benedict:1,philipthompson:1,ghais:1
aholmber,2,CASSANDRA-6535,slebresne:1
rhatch,3,CASSANDRA-6536,enigmacurry:1,rhatch:2
,1,CASSANDRA-6537,tjake:2
,3,CASSANDRA-6538,iamaleksey:1,jbellis:2,slebresne:2,johnny15676:4
brandon.williams,5,CASSANDRA-6539,jbellis:1,nickmbailey:2,brandon.williams:5,yukim:2,rfwagner@gmail.com:1
brandon.williams,17,CASSANDRA-6541,jjordan:5,benedict:4,jeromatron:1,jbellis:7,jasobrown:3,nickmbailey:1,brandon.williams:3,rcoli:2,mshuler:2,mstump:1
thobbs,11,CASSANDRA-6542,luapmahp:1,justen_walker:1,andrew@addthis.com:1,brandon.williams:1,jtravis:1,shaochuan:1
,2,CASSANDRA-6543,cowardlydragon:2,jbellis:1,slebresne:1
vijay2win@yahoo.com,7,CASSANDRA-6544,vijay2win@yahoo.com:2,benedict:2,jbellis:3
alexliu68,4,CASSANDRA-6545,kmueller:1,j.casares:1,slebresne:1,alexliu68:1
mishail,4,CASSANDRA-6546,enigmacurry:1,jbellis:1,brandon.williams:1,alienth:1,mishail:6
,1,CASSANDRA-6547,jbellis:1
,2,CASSANDRA-6549,jbellis:1
iamaleksey,1,CASSANDRA-6550,iamaleksey:3,jbellis:1
mishail,3,CASSANDRA-6551,iamaleksey:4,jbellis:3,mishail:3
,3,CASSANDRA-6552,kohlisankalp:1,jbellis:2,rreffner:1
rhatch,8,CASSANDRA-6553,iamaleksey:12,benedict:6,enigmacurry:1,jbellis:1,slebresne:2,rhatch:18
brandon.williams,3,CASSANDRA-6554,jjordan:1,thobbs:1,brandon.williams:7,mshuler:7
slebresne,6,CASSANDRA-6555,thobbs:1,slebresne:1
brandon.williams,4,CASSANDRA-6556,dbrosius:1,brandon.williams:4,alexliu68:1
benedict,1,CASSANDRA-6557,benedict:6,jbellis:4
,2,CASSANDRA-6558,j.casares:4,jbellis:1,slebresne:2,brandon.williams:4
,3,CASSANDRA-6559,jbellis:1,mstump:1
lyubent,3,CASSANDRA-6560,pasthelod:2,thobbs:1,jbellis:1,brandon.williams:1
slebresne,16,CASSANDRA-6561,nff:6,iamaleksey:16,slebresne:12,brandon.williams:1,doanduyhai:3
brandon.williams,1,CASSANDRA-6562,jbellis:1,brandon.williams:1
pauloricardomg,10,CASSANDRA-6563,pauloricardomg:9,krummas:4,dhendry:1,cburroughs:1
thobbs,3,CASSANDRA-6564,thobbs:1,jbellis:1,brandon.williams:2,shaochuan:2
,6,CASSANDRA-6565,pasthelod:1,alisenberg:1,brandon.williams:2,sebdah:1,dv1983:3,yukim:1,shaochuan:2
yukim,2,CASSANDRA-6566,kohlisankalp:8,jbellis:2,yukim:6
slebresne,2,CASSANDRA-6567,jbellis:1,slebresne:2
krummas,6,CASSANDRA-6568,krummas:1,jbellis:2,rcoli:1,yukim:1,cburroughs:4,zznate:1
iamaleksey,4,CASSANDRA-6569,iamaleksey:5,jbellis:1,rbranson:2
,4,CASSANDRA-6570,jbellis:4,rcoli:1
kohlisankalp,6,CASSANDRA-6571,vijay2win@yahoo.com:2,kohlisankalp:2,brandon.williams:4
carlyeks,15,CASSANDRA-6572,jjordan:1,iamaleksey:2,thobbs:3,krummas:1,benedict:13,yarin:1,jbellis:10,lyubent:20
mshuler,1,CASSANDRA-6573,yukim:1,mshuler:2
,2,CASSANDRA-6574,jbellis:2,cburroughs:3
clardeur,11,CASSANDRA-6575,JoshuaMcKenzie:1,dbrosius:2,benedict:2,jeromatron:1,enigmacurry:1,clardeur:4,jbellis:5,slebresne:2,brandon.williams:2,rcoli:1,mishail:1
JoshuaMcKenzie,3,CASSANDRA-6577,JoshuaMcKenzie:6,thobbs:2,jbellis:1,shaochuan:1
benedict,2,CASSANDRA-6578,benedict:1,brandon.williams:2
slebresne,4,CASSANDRA-6579,slebresne:1
slebresne,1,CASSANDRA-6580,jbellis:1,slebresne:1
slebresne,2,CASSANDRA-6582,slebresne:1,rhatch:1
slebresne,2,CASSANDRA-6583,slebresne:1,rhatch:1
brandon.williams,3,CASSANDRA-6584,jjordan:1,iamaleksey:1,brandon.williams:1
brandon.williams,4,CASSANDRA-6585,thobbs:2,brandon.williams:4,vkasar:1
,8,CASSANDRA-6586,ThinkerFeeler:1,slebresne:3,jan.chochol:5,ondrej.cernos:1
,5,CASSANDRA-6587,ochrons:3,jbellis:4,jan.chochol:3,ondrej.cernos:1
,8,CASSANDRA-6588,iamaleksey:2,jbellis:8,tupshin:5,slebresne:8,mishail:2,zznate:1
yukim,2,CASSANDRA-6589,iamaleksey:1,jbellis:2,mshuler:1
vijay2win@yahoo.com,4,CASSANDRA-6590,vijay2win@yahoo.com:4,brandon.williams:9
cburroughs,5,CASSANDRA-6591,benedict:1,jbellis:2,nickmbailey:2,ianbarfield:1,yukim:3,cburroughs:11
slebresne,8,CASSANDRA-6592,thobbs:2,benedict:4,jbellis:2,slebresne:4,dctrwatson:2,cburroughs:1
,1,CASSANDRA-6593,jbellis:1
lucarosellini,1,CASSANDRA-6594,jbellis:1
slebresne,1,CASSANDRA-6595,jbellis:1,slebresne:2
vijay2win@yahoo.com,7,CASSANDRA-6596,vijay2win@yahoo.com:3,benedict:3,jeromatron:1,jbellis:3,snazy:1,tvachon:1,yukim:2
alprema,2,CASSANDRA-6597,jbellis:1,alprema:1
brandon.williams,3,CASSANDRA-6598,iamaleksey:1,enigmacurry:3,jbellis:2,brandon.williams:9
blerer,5,CASSANDRA-6599,iamaleksey:10,jbellis:1,snazy:1,slebresne:4,cgavin:1
mshuler,4,CASSANDRA-6600,jbellis:1,mshuler:2,baldrick:2
,3,CASSANDRA-6601,iamaleksey:4,iconara:5,jbellis:1,slebresne:1
Bj0rn,30,CASSANDRA-6602,krummas:2,benedict:3,jbellis:2,tupshin:4,dhendry:1,Bj0rn:3,urandom:2,rcoli:1
jasobrown,2,CASSANDRA-6603,jasobrown:7,brandon.williams:3,yukim:2,cburroughs:1
,3,CASSANDRA-6604,iamaleksey:1,jbellis:1,elubow:1
,2,CASSANDRA-6605,mishail:1,dctrwatson:1
wy96f,3,CASSANDRA-6606,iamaleksey:1
slebresne,3,CASSANDRA-6607,slebresne:1,jan.chochol:1
,1,CASSANDRA-6608,ankitp129:1,brandon.williams:1
benedict,3,CASSANDRA-6609,benedict:8,jbellis:3,jasobrown:3,cburroughs:1
,2,CASSANDRA-6610,jbellis:1,gstewart:1,brandon.williams:1,yukim:1
,2,CASSANDRA-6611,ThinkerFeeler:2,slebresne:1,brandon.williams:4
slebresne,7,CASSANDRA-6612,beobal:1,jbellis:1,slebresne:2,cgavin:1,mshuler:1,philipthompson:1
brandon.williams,5,CASSANDRA-6613,jbellis:1,sinner:3,brandon.williams:3
enigmacurry,6,CASSANDRA-6614,jasobrown:3,ravilr:1,mshuler:2,cscetbon:3
brandon.williams,5,CASSANDRA-6615,thobbs:1,frousseau:2,brandon.williams:4,rcoli:1,mshuler:1
,3,CASSANDRA-6616,kohlisankalp:1,dharsanl:4,brandon.williams:4
brandon.williams,1,CASSANDRA-6617,brandon.williams:1
ravilr,1,CASSANDRA-6618,ravilr:3,brandon.williams:3
timiblossom,5,CASSANDRA-6619,timiblossom:2,jbellis:2,rcoli:1
,1,CASSANDRA-6620,appodictic:13,jbellis:1,brandon.williams:5
krummas,10,CASSANDRA-6621,kohlisankalp:8,krummas:12,jbellis:3,tjake:4,yukim:3,rbranson:3
brandon.williams,4,CASSANDRA-6622,thobbs:2,ravilr:6,brandon.williams:9,yukim:1
slebresne,4,CASSANDRA-6623,iamaleksey:1,slebresne:5,pkendall:1,scs95:2
,3,CASSANDRA-6624,mateusz.gajewski:2,slebresne:2
,3,CASSANDRA-6625,jbellis:1,brandon.williams:1,ondrej.cernos:2
rhatch,2,CASSANDRA-6626,iamaleksey:4,rhatch:5
,1,CASSANDRA-6627,brandon.williams:2
shohou,5,CASSANDRA-6628,benedict:5,Mikhail.Skotnikov:1,jbellis:3,shohou:3,nsmirnov:1
mishail,3,CASSANDRA-6629,iamaleksey:6,rskvazh:4,mishail:6
iamaleksey,3,CASSANDRA-6630,iamaleksey:3,benedict:2,jbellis:1,slebresne:5
,5,CASSANDRA-6631,beobal:2,benedict:6,jasobrown:2,slebresne:4,mshuler:6
krummas,4,CASSANDRA-6632,jbellis:1,slebresne:2
,4,CASSANDRA-6633,benedict:2,jbellis:1
benedict,2,CASSANDRA-6634,benedict:4,slebresne:2
sbtourist,2,CASSANDRA-6635,iamaleksey:1
yukim,2,CASSANDRA-6636,kohlisankalp:2,jbellis:2,rhatch:2,yukim:4
iamaleksey,1,CASSANDRA-6637,iamaleksey:1,jbellis:1
slebresne,6,CASSANDRA-6638,thobbs:1,ignaced:2,slebresne:3,rcoli:1
mishail,7,CASSANDRA-6639,krm1312:1,jbellis:1,festerwim:1,mishail:3
mafernandez,2,CASSANDRA-6640,beobal:2,mafernandez:2,brandon.williams:1
beobal,4,CASSANDRA-6641,beobal:3,iamaleksey:2,benedict:1,jbellis:1
,2,CASSANDRA-6642,slebresne:1
slebresne,4,CASSANDRA-6643,iamaleksey:1,jbellis:4,slebresne:12,rhatch:4,mishail:1
,2,CASSANDRA-6644,slebresne:3,jorgebg:2
sbtourist,1,CASSANDRA-6645,sbtourist:2,jbellis:2
krummas,5,CASSANDRA-6646,kohlisankalp:6,iamaleksey:1,krummas:4,jbellis:4
platon-vai,2,CASSANDRA-6647,dbrosius:1
sbtourist,8,CASSANDRA-6648,thobbs:1,enigmacurry:2,sbtourist:5,slebresne:1,brandon.williams:5
iamaleksey,3,CASSANDRA-6649,iamaleksey:2,slebresne:1
,1,CASSANDRA-6650,enigmacurry:1,brandon.williams:1
yukim,17,CASSANDRA-6651,vladmore:1,naydencho:1,thunderstumpges:1,yukim:2,baldrick:3,sirdavidhuang:1,mjaszczyk:1
benedict,2,CASSANDRA-6652,krummas:1,benedict:2
,3,CASSANDRA-6653,jbellis:1,keithwrightbos:1
krummas,10,CASSANDRA-6654,krummas:3,jbellis:3,rhatch:4,keithwrightbos:6
benedict,4,CASSANDRA-6655,benedict:4,slebresne:4
d.yuan,3,CASSANDRA-6656,jbellis:1,d.yuan:2,mishail:4
brandon.williams,3,CASSANDRA-6657,jbellis:1,brandon.williams:2,lyubent:1
brandon.williams,0,CASSANDRA-6658,jbellis:4,brandon.williams:4
slebresne,4,CASSANDRA-6659,beobal:2,jbellis:1,slebresne:4
clardeur,6,CASSANDRA-6660,kohlisankalp:3,clardeur:4,brandon.williams:3
brandon.williams,0,CASSANDRA-6661,brandon.williams:1
iamaleksey,2,CASSANDRA-6662,iamaleksey:5,benedict:4
,5,CASSANDRA-6663,thobbs:2,ianm:4,benedict:1,slebresne:2,brandon.williams:3,mishail:3
,1,CASSANDRA-6664,jbellis:1
ccrolf,1,CASSANDRA-6665,jbellis:2,ccrolf:3
jbellis,10,CASSANDRA-6666,iamaleksey:2,annesull:6,jbellis:7,wdarwish:2,vmehta:1,graham:1
jbellis,1,CASSANDRA-6667,krummas:1,jbellis:4
,5,CASSANDRA-6668,iamaleksey:2,jbellis:1,slebresne:1,doanduyhai:1,daniels:2
,1,CASSANDRA-6669,brandon.williams:1
brandon.williams,1,CASSANDRA-6670,brandon.williams:1
benedict,2,CASSANDRA-6671,benedict:1,jbellis:1
,4,CASSANDRA-6673,jjordan:1,ignaced:2,ravilr:1
,3,CASSANDRA-6674,iamaleksey:2,machielg:3
mshuler,3,CASSANDRA-6675,bjornedstrom:1,brandon.williams:1,mshuler:1
,5,CASSANDRA-6676,iamaleksey:2,jbellis:1,aecobley:2
,1,CASSANDRA-6677,ignaced:2,jbellis:1
sbtourist,3,CASSANDRA-6678,sbtourist:2,brandon.williams:2,pkolaczk:1
krummas,2,CASSANDRA-6679,krummas:2,jbellis:1,brandon.williams:1
,4,CASSANDRA-6681,benedict:1,mshuler:1
paulogaspar7,1,CASSANDRA-6682,jbellis:1,paulogaspar7:1
thobbs,3,CASSANDRA-6683,thobbs:4,brandon.williams:5,cburroughs:2,kirill.sc:1
,2,CASSANDRA-6684,slebresne:2,ilyail3:3
brandon.williams,5,CASSANDRA-6685,appodictic:2,brandon.williams:4,rcoli:1,rbranson:1,rlow:5
,1,CASSANDRA-6686,jbellis:1
mishail,3,CASSANDRA-6687,jbellis:1,mishail:3
krummas,4,CASSANDRA-6688,krummas:4,jbellis:4
benedict,16,CASSANDRA-6689,krummas:6,benedict:43,xedin:34,jbellis:15,jasobrown:1,tupshin:1,slebresne:5
iamaleksey,1,CASSANDRA-6690,iamaleksey:1,jbellis:1
benedict,2,CASSANDRA-6691,benedict:3,xedin:2,jbellis:1
benedict,3,CASSANDRA-6692,iamaleksey:1,benedict:6,jbellis:5
,1,CASSANDRA-6693,brandon.williams:1
benedict,11,CASSANDRA-6694,iamaleksey:6,krummas:1,benedict:45,xedin:22,jbellis:11,slebresne:3,mshuler:1
iamaleksey,4,CASSANDRA-6695,iamaleksey:2,pkolaczk:1
krummas,9,CASSANDRA-6696,kohlisankalp:1,krummas:20,benedict:24,jeromatron:1,jbellis:23,tupshin:10,brandon.williams:2
,3,CASSANDRA-6697,benedict:6,slebresne:1
,3,CASSANDRA-6698,jbellis:2,rskvazh:2
lyubent,3,CASSANDRA-6699,iamaleksey:1,benedict:2,jbellis:1,brandon.williams:1,lyubent:3
iamaleksey,2,CASSANDRA-6700,iamaleksey:1,pkolaczk:1
slebresne,2,CASSANDRA-6701,thobbs:1,slebresne:2
,4,CASSANDRA-6702,jjordan:1,timiblossom:1,jasobrown:1
mishail,3,CASSANDRA-6703,iamaleksey:1,mishail:1
appodictic,14,CASSANDRA-6704,appodictic:32,iamaleksey:3,benedict:8,jbellis:4,tupshin:6,slebresne:2,brandon.williams:3,zznate:2
slebresne,2,CASSANDRA-6705,slebresne:2,mishail:4
,4,CASSANDRA-6706,Mehitabel:1,slebresne:1,rcoli:1,philipthompson:2
thobbs,5,CASSANDRA-6707,iamaleksey:7,thobbs:1,benedict:4,jbellis:1,pkolaczk:12
,7,CASSANDRA-6709,benedict:4,jbellis:1
sbtourist,3,CASSANDRA-6711,beobal:1,iamaleksey:1
jbellis,2,CASSANDRA-6712,vijay2win@yahoo.com:1,iamaleksey:1,jbellis:3
yukim,2,CASSANDRA-6713,kohlisankalp:2,jbellis:1,yukim:3
iamaleksey,6,CASSANDRA-6714,iamaleksey:3,enigmacurry:2,jbellis:1,pkolaczk:1
,2,CASSANDRA-6715,kohlisankalp:2,jbellis:1,brandon.williams:2
,6,CASSANDRA-6716,kohlisankalp:1,ravilr:1,ngrigoriev:6
iamaleksey,7,CASSANDRA-6717,jbellis:1,snazy:1
slebresne,2,CASSANDRA-6718,iamaleksey:1,slebresne:2
,12,CASSANDRA-6719,xapharius:1
,1,CASSANDRA-6720,jbellis:1
,2,CASSANDRA-6721,wtmitchell3:2,benedict:1,mshuler:1
slebresne,3,CASSANDRA-6722,iamaleksey:1,slebresne:3
,2,CASSANDRA-6723,mnelson:1,iamaleksey:1,jbellis:1,brandon.williams:1
blambov,3,CASSANDRA-6726,benedict:5,jbellis:1,blambov:2
thobbs,6,CASSANDRA-6731,thobbs:2,enigmacurry:5,jbellis:4,arisp:1,brandon.williams:1
jjordan,5,CASSANDRA-6732,jjordan:1,jbellis:1,ssmith:1
slebresne,4,CASSANDRA-6733,vijay2win@yahoo.com:1,iamaleksey:3,slebresne:5,hibou:3
jbellis,0,CASSANDRA-6734,jbellis:2,yukim:1
sbtourist,2,CASSANDRA-6735,sbtourist:1,jbellis:1
JoshuaMcKenzie,3,CASSANDRA-6736,wtmitchell3:6,JoshuaMcKenzie:11,benedict:1,jbellis:2
slebresne,7,CASSANDRA-6737,iamaleksey:1,benedict:1,jbellis:2,slebresne:3
slebresne,4,CASSANDRA-6738,mateusz.gajewski:4,iamaleksey:1,slebresne:5
mishail,4,CASSANDRA-6739,mateusz.gajewski:3,kohlisankalp:2,jeromatron:2,mishail:5,yukim:1
jbellis,1,CASSANDRA-6740,jbellis:1,brandon.williams:2
mishail,2,CASSANDRA-6741,brandon.williams:1,mishail:2
iamaleksey,3,CASSANDRA-6742,iamaleksey:5,benedict:2,enigmacurry:1
daniels,1,CASSANDRA-6743,jbellis:1
yukim,4,CASSANDRA-6744,aplotnik:2,jbellis:1,yukim:1
krummas,3,CASSANDRA-6745,krummas:7,jbellis:2,slebresne:4,mishail:1
,9,CASSANDRA-6746,appodictic:1,benedict:18,enigmacurry:18,xedin:17,jbellis:11
kohlisankalp,2,CASSANDRA-6747,kohlisankalp:4,jbellis:1,yukim:3
slebresne,3,CASSANDRA-6748,iamaleksey:1,slebresne:2
,1,CASSANDRA-6749,enigmacurry:1,brandon.williams:1
dbrosius,4,CASSANDRA-6751,dbrosius:2,brandon.williams:1,rlow:1
,3,CASSANDRA-6752,kohlisankalp:1,jbellis:1
benedict,3,CASSANDRA-6753,benedict:2,jbellis:1,davychia:1
krummas,2,CASSANDRA-6754,iamaleksey:1
tjake,4,CASSANDRA-6755,benedict:7,jbellis:1,slebresne:2,brandon.williams:1,tjake:8
,8,CASSANDRA-6756,kohlisankalp:3,jjordan:1,jbellis:1,brandon.williams:1,rcoli:1,vmallet:2
appodictic,8,CASSANDRA-6757,appodictic:25,iamaleksey:1,thobbs:3,jbellis:3,rbranson:1
,7,CASSANDRA-6758,kohlisankalp:2,benedict:2,yarin:2,jbellis:1
benedict,1,CASSANDRA-6759,benedict:1,jbellis:1
,5,CASSANDRA-6760,jbellis:1,brandon.williams:2,rcoli:1,cburroughs:1
kohlisankalp,3,CASSANDRA-6761,kohlisankalp:3
mshuler,1,CASSANDRA-6762,brandon.williams:2,mshuler:4
,2,CASSANDRA-6763,jbellis:1,woolfel:2,mfiguiere:1
johnyoh,6,CASSANDRA-6764,benedict:8,mharris:1,jbellis:10,johnyoh:5
thobbs,2,CASSANDRA-6766,thobbs:6,slebresne:5
,1,CASSANDRA-6767,jbellis:1
michalm,5,CASSANDRA-6768,jjordan:1,iamaleksey:1,michalm:3
slebresne,4,CASSANDRA-6769,iamaleksey:1,slebresne:2
mishail,1,CASSANDRA-6770,brandon.williams:1,mishail:2
,1,CASSANDRA-6771,benedict:1,yukim:1
,5,CASSANDRA-6772,crack2drop:8,jbellis:1,cnlwsu:2,brandon.williams:1
Shiti,3,CASSANDRA-6773,Shiti:1,mishail:3
krummas,8,CASSANDRA-6774,krummas:6,jbellis:2,keithwrightbos:2,dimchansky:1,vjevdokimov:1
federico,1,CASSANDRA-6775,brandon.williams:1
,1,CASSANDRA-6776,woolfel:1,yukim:1
djatnieks,2,CASSANDRA-6777,slebresne:1,djatnieks:4
slebresne,3,CASSANDRA-6778,thobbs:1,slebresne:2
slebresne,2,CASSANDRA-6779,thobbs:1,jbellis:1,slebresne:1
,2,CASSANDRA-6780,benedict:1
benedict,2,CASSANDRA-6781,krummas:3,benedict:3
slebresne,6,CASSANDRA-6782,iamaleksey:1,jbellis:1,slebresne:3,brandon.williams:1,rhatch:1
slebresne,2,CASSANDRA-6783,thobbs:3,jbellis:1,slebresne:3
chander,1,CASSANDRA-6784,jbellis:1
jbellis,0,CASSANDRA-6785,jbellis:1
,2,CASSANDRA-6786,mishail:1
brandon.williams,1,CASSANDRA-6787,jjordan:1,brandon.williams:2
ccrolf,5,CASSANDRA-6788,kohlisankalp:1,jbellis:6,brandon.williams:2,vmallet:1,ccrolf:4
beobal,3,CASSANDRA-6789,beobal:1,appodictic:2,iamaleksey:1
beobal,4,CASSANDRA-6790,beobal:2,appodictic:5,iamaleksey:1
kvaster,4,CASSANDRA-6791,krummas:1,jbellis:2,kvaster:2
,2,CASSANDRA-6792,brandon.williams:1
chander,2,CASSANDRA-6793,jbellis:4,alexliu68:3,chander:2
,2,CASSANDRA-6794,jbellis:1
JoshuaMcKenzie,2,CASSANDRA-6795,JoshuaMcKenzie:2
jbellis,5,CASSANDRA-6796,jbellis:4,brandon.williams:1,0x6e6562:3
JoshuaMcKenzie,2,CASSANDRA-6797,JoshuaMcKenzie:2,jbellis:1,mbyrd:1
woolfel,2,CASSANDRA-6798,JoshuaMcKenzie:1,jbellis:2
,4,CASSANDRA-6799,pasthelod:1,olek.staisak:1,brandon.williams:2,baldrick:6
mishail,1,CASSANDRA-6800,appodictic:2,jbellis:5,mishail:4
,5,CASSANDRA-6801,beobal:1,slebresne:2,pkendall:1
,3,CASSANDRA-6802,benedict:1
zznate,3,CASSANDRA-6803,pauloricardomg:2,jbellis:1,zznate:2
,1,CASSANDRA-6804,benedict:2,jbellis:1
,2,CASSANDRA-6805,brandon.williams:1,ondrej.cernos:1,mshuler:1
,1,CASSANDRA-6806,benedict:1
,2,CASSANDRA-6807,jbellis:2,woolfel:6,slebresne:1
yukim,1,CASSANDRA-6808,krummas:1,yukim:2
blambov,12,CASSANDRA-6809,benedict:11,jbellis:2,jasobrown:10,blambov:3,tjake:1
,1,CASSANDRA-6810,jbellis:1
vijay2win@yahoo.com,1,CASSANDRA-6811,vijay2win@yahoo.com:4,brandon.williams:4
,6,CASSANDRA-6812,benedict:2,jbellis:1
slebresne,4,CASSANDRA-6813,iamaleksey:1,slebresne:2,pkendall:1
vijay2win@yahoo.com,2,CASSANDRA-6814,vijay2win@yahoo.com:3,jbellis:1,brandon.williams:1
xedin,12,CASSANDRA-6815,benedict:1,xedin:3,jasobrown:1,ravilr:1,brevilo:1,rbranson:1,kvaster:1
thobbs,3,CASSANDRA-6816,thobbs:2,slebresne:1
,1,CASSANDRA-6817,htoulan:2,jbellis:2
yukim,7,CASSANDRA-6818,kohlisankalp:1,krummas:1,jbellis:2,jasobrown:1,yukim:8,rlow:8
nff,2,CASSANDRA-6820,jbellis:1
lyubent,3,CASSANDRA-6821,jbellis:2,nickmbailey:4,lyubent:3
iamaleksey,5,CASSANDRA-6822,iamaleksey:5,crack2drop:3,xedin:1,exabytes18:1,baldrick:1
,2,CASSANDRA-6823,benedict:2,djatnieks:2
benedict,3,CASSANDRA-6824,benedict:2,xedin:1,jbellis:1,rhatch:1
thobbs,4,CASSANDRA-6825,wtmitchell3:9,thobbs:11,jbellis:2,slebresne:4,rhatch:2
slebresne,3,CASSANDRA-6826,wtmitchell3:10,slebresne:4
iamaleksey,5,CASSANDRA-6827,iamaleksey:1,slebresne:1
appodictic,2,CASSANDRA-6828,appodictic:2,thobbs:1
,3,CASSANDRA-6829,jbellis:1,mshuler:2,dmeyer:1
slebresne,8,CASSANDRA-6831,iamaleksey:6,thobbs:2,slebresne:6,mishail:10
JoshuaMcKenzie,2,CASSANDRA-6832,JoshuaMcKenzie:2,jbellis:1
,10,CASSANDRA-6833,jjordan:1,iamaleksey:5,benedict:2,alexyz:1,xedin:2,sbtourist:1,jbellis:3,rcoli:1
benedict,2,CASSANDRA-6834,benedict:1,lyubent:1
benedict,2,CASSANDRA-6835,benedict:3,xedin:5
irfan.nagoo,1,CASSANDRA-6836,irfan.nagoo:2,jbellis:1
slebresne,2,CASSANDRA-6837,jbellis:3,slebresne:4
benedict,1,CASSANDRA-6838,jbellis:1
thobbs,3,CASSANDRA-6839,thobbs:8,slebresne:6
krummas,7,CASSANDRA-6840,jjordan:1,krummas:1,jbellis:1
benedict,7,CASSANDRA-6841,pasthelod:1,wtmitchell3:1,benedict:5,carlyeks:2,jbellis:3,jblangston@datastax.com:1
benedict,2,CASSANDRA-6842,benedict:3
benedict,3,CASSANDRA-6843,benedict:6,slebresne:3
iamaleksey,2,CASSANDRA-6844,iamaleksey:2,slebresne:1
dimchansky,2,CASSANDRA-6845,krummas:1,jbellis:1
tupshin,24,CASSANDRA-6846,appodictic:17,jjordan:1,gdusbabek:1,devdazed:4,jbellis:1,woolfel:3,tupshin:5,slebresne:1,zznate:3
mishail,4,CASSANDRA-6847,jjordan:1,jasobrown:2,slebresne:2,mishail:3
benedict,3,CASSANDRA-6848,benedict:7,xedin:2,jbellis:1,brandon.williams:1,rhatch:7
benedict,2,CASSANDRA-6849,benedict:1,xedin:1
mishail,2,CASSANDRA-6850,jbellis:1,chander:1,mishail:2
rspitzer,6,CASSANDRA-6851,krummas:5,jbellis:1,rspitzer:6
,2,CASSANDRA-6852,yukim:3,cscetbon:3
appodictic,2,CASSANDRA-6854,appodictic:2,jbellis:2
slebresne,5,CASSANDRA-6855,thobbs:4,slebresne:6,mshuler:2
appodictic,1,CASSANDRA-6856,appodictic:1,jbellis:1
slebresne,3,CASSANDRA-6857,thobbs:2,slebresne:3
,4,CASSANDRA-6858,suprajaj:4,brandon.williams:3,mshuler:1
enigmacurry,2,CASSANDRA-6859,mshuler:1
benedict,2,CASSANDRA-6860,dbrosius:2
tjake,10,CASSANDRA-6861,iamaleksey:3,benedict:7,enigmacurry:4,slebresne:1,tjake:9,norman:2
m0nstermind,4,CASSANDRA-6862,m0nstermind:3,jbellis:3,rcoli:1
m0nstermind,3,CASSANDRA-6863,m0nstermind:3,jbellis:3
m0nstermind,1,CASSANDRA-6864,jbellis:1
m0nstermind,2,CASSANDRA-6865,jbellis:2,oseiler:1
,2,CASSANDRA-6866,m0nstermind:1
iamaleksey,2,CASSANDRA-6867,iamaleksey:5,acoz:1,jbellis:1
,2,CASSANDRA-6868,benedict:1
slebresne,2,CASSANDRA-6869,iamaleksey:4,jbellis:1,slebresne:5
appodictic,6,CASSANDRA-6870,appodictic:17,jbellis:4,slebresne:3
appodictic,2,CASSANDRA-6871,appodictic:4,jbellis:1
appodictic,2,CASSANDRA-6872,slebresne:1
slebresne,3,CASSANDRA-6873,iamaleksey:1,slebresne:2
thobbs,3,CASSANDRA-6874,thobbs:1,slebresne:1
thobbs,9,CASSANDRA-6875,wtmitchell3:1,thobbs:12,enigmacurry:1,slebresne:11,brandon.williams:2,mfiguiere:1
sbtourist,3,CASSANDRA-6876,iamaleksey:3,sbtourist:5
beobal,3,CASSANDRA-6877,beobal:1,brandon.williams:4,alexliu68:2,mshuler:1
jbellis,4,CASSANDRA-6879,iamaleksey:1,jbellis:3,mishail:5,shaochuan:2
iamaleksey,2,CASSANDRA-6880,iamaleksey:5,benedict:2,jbellis:2
appodictic,12,CASSANDRA-6881,appodictic:7,benedict:2,jbellis:2,brandon.williams:1,yukim:1,zznate:1
beobal,2,CASSANDRA-6882,iamaleksey:1
benedict,3,CASSANDRA-6883,iamaleksey:1,benedict:2,rhatch:1
kohlisankalp,1,CASSANDRA-6884,jbellis:1
benedict,2,CASSANDRA-6885,benedict:2,rhatch:1
,6,CASSANDRA-6886,benedict:2,jbellis:1,brandon.williams:2,rhatch:2,mishail:1,mshuler:1
iamaleksey,6,CASSANDRA-6887,iamaleksey:7,slebresne:3,baldrick:2
iamaleksey,3,CASSANDRA-6888,iamaleksey:2,krummas:1
,4,CASSANDRA-6889,iamaleksey:1,tupshin:1,brandon.williams:1,mishail:2
JoshuaMcKenzie,8,CASSANDRA-6890,JoshuaMcKenzie:11,benedict:6,xedin:2,jbellis:9,jasobrown:1
,2,CASSANDRA-6891,jjordan:1,brandon.williams:1
slebresne,3,CASSANDRA-6892,thobbs:9,jbellis:2,slebresne:2,christianmovi:12
slebresne,7,CASSANDRA-6893,iamaleksey:4,jbellis:4,slebresne:4,mshuler:2
,4,CASSANDRA-6894,iamaleksey:1
appodictic,3,CASSANDRA-6895,appodictic:7,iamaleksey:3,benedict:1,jbellis:1
vijay2win@yahoo.com,1,CASSANDRA-6896,vijay2win@yahoo.com:2,brandon.williams:1
,3,CASSANDRA-6897,johnyoh:1
,2,CASSANDRA-6898,jjordan:2,jbellis:2,brandon.williams:1,mishail:1
,1,CASSANDRA-6899,jbellis:1,oseiler:1
yukim,0,CASSANDRA-6900,jbellis:2,yukim:3
benedict,2,CASSANDRA-6901,krummas:1,benedict:1
jblangston@datastax.com,2,CASSANDRA-6902,mishail:1,jblangston@datastax.com:1
beobal,9,CASSANDRA-6904,vijay2win@yahoo.com:1,benedict:2,jbellis:3
ala.alkhaldi,1,CASSANDRA-6905,ala.alkhaldi:1,brandon.williams:1
thobbs,3,CASSANDRA-6906,thobbs:4,benedict:2,jbellis:1
JoshuaMcKenzie,1,CASSANDRA-6907,JoshuaMcKenzie:4,jbellis:4
,2,CASSANDRA-6908,brandon.williams:2,br1985:1
xapharius,4,CASSANDRA-6910,jbellis:2,snazy:4,xapharius:2
benedict,4,CASSANDRA-6911,benedict:3,enigmacurry:4,slebresne:2
benedict,2,CASSANDRA-6912,thobbs:2,benedict:4,jbellis:2
benedict,2,CASSANDRA-6913,benedict:2,jbellis:2,ravilr:1
slebresne,5,CASSANDRA-6914,thobbs:1,slebresne:2
,4,CASSANDRA-6915,jbellis:1,snazy:1,slebresne:2,rstrickland:2
benedict,7,CASSANDRA-6916,iamaleksey:1,krummas:9,benedict:18,enigmacurry:6,jbellis:1,tjake:2
,3,CASSANDRA-6917,benedict:1,jbellis:1,snazy:1
,3,CASSANDRA-6918,iamaleksey:1,jbellis:4,agoodrich:2
benedict,2,CASSANDRA-6919,krummas:1,benedict:2,jbellis:1
benedict,4,CASSANDRA-6920,benedict:6,jbellis:1,nickmbailey:3,brandon.williams:5,lyubent:2
benedict,2,CASSANDRA-6921,iamaleksey:1
,7,CASSANDRA-6922,krummas:2,xedin:1,jbellis:1,jasobrown:1,tupshin:1,slebresne:2,brandon.williams:1
slebresne,1,CASSANDRA-6923,jbellis:1,slebresne:1
beobal,10,CASSANDRA-6924,beobal:1,iamaleksey:1,thobbs:4,enigmacurry:3,slebresne:1,rhatch:2
sdelmas,1,CASSANDRA-6925,brandon.williams:2
nitzanv,3,CASSANDRA-6926,nitzanv:1,brandon.williams:1,fhsnelson:1
sixpak32577,7,CASSANDRA-6927,jbellis:3,brandon.williams:2,alexliu68:5,sixpak32577:13,pkolaczk:4
,2,CASSANDRA-6928,iamaleksey:1
,1,CASSANDRA-6929,jbellis:1
ala.alkhaldi,4,CASSANDRA-6930,thobbs:1,ala.alkhaldi:1,jbellis:1
iamaleksey,2,CASSANDRA-6931,iamaleksey:2,slebresne:2
dbrosius,2,CASSANDRA-6932,dbrosius:1,jbellis:1
benedict,3,CASSANDRA-6933,iamaleksey:3,benedict:10,jbellis:8
benedict,3,CASSANDRA-6934,benedict:6,slebresne:3
tjake,3,CASSANDRA-6935,benedict:2
,3,CASSANDRA-6936,iamaleksey:2,benedict:3,slebresne:1
benedict,4,CASSANDRA-6937,jlacefie:2,benedict:2
,2,CASSANDRA-6938,mishail:3,nietsnie:1
kohlisankalp,1,CASSANDRA-6939,jbellis:1
slebresne,2,CASSANDRA-6940,benedict:1,jbellis:1,slebresne:2
iamaleksey,2,CASSANDRA-6941,iamaleksey:2,benedict:1
dbrosius,2,CASSANDRA-6942,dbrosius:2,jbellis:1
benedict,2,CASSANDRA-6943,benedict:4,jbellis:1,rhatch:7
iamaleksey,3,CASSANDRA-6944,iamaleksey:2,jbellis:1,graham:4
iamaleksey,2,CASSANDRA-6945,iamaleksey:2,jbellis:1,graham:1
,2,CASSANDRA-6946,jbellis:1
,1,CASSANDRA-6947,jbellis:1,d.yuan:1
brandon.williams,5,CASSANDRA-6948,benedict:18,elreydetodo@gmail.com:1,jbellis:2,brandon.williams:5,keithwrightbos:15,rlow:1
beobal,6,CASSANDRA-6949,beobal:2,jjordan:2,iamaleksey:3,benedict:5,sbtourist:1
slebresne,5,CASSANDRA-6950,iamaleksey:3,thobbs:3,jbellis:1,slebresne:5
,3,CASSANDRA-6951,iamaleksey:1
,4,CASSANDRA-6952,iamaleksey:1,slebresne:1,mstump:1
iamaleksey,2,CASSANDRA-6953,iamaleksey:2,slebresne:1
slebresne,2,CASSANDRA-6954,slebresne:1
,2,CASSANDRA-6955,mshuler:1
slebresne,4,CASSANDRA-6956,iamaleksey:1,slebresne:2
krummas,2,CASSANDRA-6957,krummas:4,jbellis:2,mshuler:2
krummas,3,CASSANDRA-6958,krummas:3,yukim:2
benedict,4,CASSANDRA-6959,thobbs:4,benedict:6,jbellis:2,slebresne:1,brandon.williams:2
,6,CASSANDRA-6960,jjordan:1,slebresne:2
brandon.williams,7,CASSANDRA-6961,thobbs:3,brandon.williams:3,rcoli:1,rbranson:1
yukim,3,CASSANDRA-6962,JoshuaMcKenzie:5,jjordan:1,jbellis:5,slebresne:3,yukim:5
,1,CASSANDRA-6963,jbellis:1
,3,CASSANDRA-6964,benedict:2,jbellis:1,slebresne:1,rhatch:3
vijay2win@yahoo.com,3,CASSANDRA-6965,vijay2win@yahoo.com:2,enigmacurry:1,yukim:3
slebresne,3,CASSANDRA-6966,iamaleksey:1,slebresne:3,hibou:1
,2,CASSANDRA-6967,slebresne:1,hibou:1
lyubent,4,CASSANDRA-6968,thobbs:4,benedict:1,slebresne:1,lyubent:7
lyubent,3,CASSANDRA-6969,thobbs:2,benedict:1,jbellis:3,lyubent:2
brandon.williams,5,CASSANDRA-6971,slebresne:1,brandon.williams:9,rhatch:9
brandon.williams,1,CASSANDRA-6972,jbellis:1,brandon.williams:2
chander,2,CASSANDRA-6973,slebresne:3,chander:3
benedict,4,CASSANDRA-6974,vijay2win@yahoo.com:1,benedict:14,enigmacurry:9,jbellis:4,brandon.williams:1,yukim:1,mshuler:2
slebresne,4,CASSANDRA-6975,iamaleksey:4,sbtourist:1,slebresne:4,mishail:3
rocco.varela,7,CASSANDRA-6977,iamaleksey:2,jbellis:3,brandon.williams:2,jkrupan:2,dmeyer:1,miknels:2
thobbs,3,CASSANDRA-6978,iamaleksey:1,thobbs:2,enigmacurry:1
,1,CASSANDRA-6979,mishail:1
jasobrown,4,CASSANDRA-6980,jbellis:1,jasobrown:2,rlow:2
,2,CASSANDRA-6981,thobbs:2,mbligh:3
appodictic,1,CASSANDRA-6982,appodictic:2
yukim,4,CASSANDRA-6984,thobbs:1,brandon.williams:1,jkrupan:1,yukim:3
appodictic,2,CASSANDRA-6985,appodictic:5,iamaleksey:4,jbellis:1,yukim:1
yukim,1,CASSANDRA-6986,brandon.williams:1
benedict,3,CASSANDRA-6987,benedict:2,jbellis:1,slebresne:1,mshuler:2
,3,CASSANDRA-6988,slebresne:1,karpa13a:1
,2,CASSANDRA-6989,jbellis:1
usrbincc,2,CASSANDRA-6991,thobbs:1,jbellis:1
,3,CASSANDRA-6992,mshuler:1
JoshuaMcKenzie,2,CASSANDRA-6993,JoshuaMcKenzie:3,benedict:2,jbellis:2
benedict,2,CASSANDRA-6994,iamaleksey:1,benedict:1,jbellis:1
jasobrown,7,CASSANDRA-6995,vijay2win@yahoo.com:1,benedict:5,xedin:2,jbellis:3,jasobrown:6,slebresne:1
vijay2win@yahoo.com,3,CASSANDRA-6996,vijay2win@yahoo.com:2,jbellis:1,rbranson:1
,1,CASSANDRA-6997,varun.tahin:4,brandon.williams:4
,7,CASSANDRA-6998,iamaleksey:1,jbellis:2,muhammadadel:4,Scooletz:1
iamaleksey,1,CASSANDRA-6999,iamaleksey:6,jbellis:1
usrbincc,3,CASSANDRA-7000,thobbs:2,benedict:2,jbellis:1,yukim:4,usrbincc:2
JoshuaMcKenzie,4,CASSANDRA-7001,JoshuaMcKenzie:8,jjordan:1,jbellis:4,philipthompson:2
brandon.williams,1,CASSANDRA-7002,brandon.williams:4
enigmacurry,2,CASSANDRA-7004,mishail:1
yukim,1,CASSANDRA-7005,yukim:2
beobal,2,CASSANDRA-7006,beobal:1
yukim,1,CASSANDRA-7007,thobbs:1,yukim:2
enigmacurry,3,CASSANDRA-7008,iamaleksey:2,enigmacurry:1,jbellis:1,mshuler:1
brandon.williams,1,CASSANDRA-7009,brandon.williams:2,mshuler:1
krummas,2,CASSANDRA-7010,krummas:2,brandon.williams:1,mshuler:3
philipthompson,3,CASSANDRA-7011,iamaleksey:3,mshuler:8,philipthompson:4
thobbs,8,CASSANDRA-7012,jjordan:1,thobbs:1,j.casares:2,slebresne:1,brandon.williams:1
krummas,2,CASSANDRA-7013,krummas:1,mshuler:8
benedict,3,CASSANDRA-7015,JoshuaMcKenzie:1,benedict:1,enigmacurry:1,yukim:3
blerer,4,CASSANDRA-7016,slebresne:1,blerer:3
mishail,3,CASSANDRA-7018,iamaleksey:1,mishail:2
,12,CASSANDRA-7019,kohlisankalp:1,jjordan:1,aplotnik:1
marcus_d,2,CASSANDRA-7020,pkolaczk:1,marcus_d:1
thobbs,6,CASSANDRA-7021,thobbs:2
,4,CASSANDRA-7023,evin.callahan:1,brandon.williams:1,sbassi:1,laura@datastax.com:1
yukim,2,CASSANDRA-7024,JoshuaMcKenzie:1,jbellis:1,yukim:1
sbtourist,2,CASSANDRA-7025,iamaleksey:1,sbtourist:1
,6,CASSANDRA-7026,slebresne:1
appodictic,4,CASSANDRA-7027,appodictic:5,tjake:1
blambov,8,CASSANDRA-7028,JoshuaMcKenzie:5,dbrosius:5,enigmacurry:1,jbellis:1,tupshin:1,PuerTea:1
,11,CASSANDRA-7029,kohlisankalp:2,benedict:5,jbellis:2,snazy:3,tjake:1
benedict,3,CASSANDRA-7030,vijay2win@yahoo.com:5,benedict:11,jbellis:1,jasobrown:1
benedict,3,CASSANDRA-7031,benedict:7,enigmacurry:2,jbellis:4
blambov,12,CASSANDRA-7032,jjordan:1,benedict:3,jbellis:1,tupshin:1,brandon.williams:1
benedict,2,CASSANDRA-7033,benedict:2,jasobrown:4
,2,CASSANDRA-7034,benedict:2,ThinkerFeeler:1
,1,CASSANDRA-7035,ryandb:1
mshuler,2,CASSANDRA-7036,iamaleksey:1,brandon.williams:2,mshuler:4
mshuler,2,CASSANDRA-7037,clardeur:1,mshuler:2
beobal,2,CASSANDRA-7038,dbrosius:2,jbellis:1
blambov,6,CASSANDRA-7039,benedict:1,blambov:1
,4,CASSANDRA-7040,benedict:3,jasobrown:2
,4,CASSANDRA-7041,slebresne:2,vongocminh:2
,6,CASSANDRA-7042,jjordan:1,thobbs:1,krummas:1,benedict:5,jbellis:1,yukim:1,zaller:12
cnlwsu,2,CASSANDRA-7043,jbellis:1,nickmbailey:1,brandon.williams:1
,2,CASSANDRA-7044,slebresne:1
benedict,4,CASSANDRA-7045,benedict:2,jbellis:1,jasobrown:2
clardeur,4,CASSANDRA-7046,clardeur:3,ahattrell:1,johnny15676:3,brandon.williams:2
iamaleksey,4,CASSANDRA-7047,iamaleksey:7,sbtourist:5,jkrupan:1
,5,CASSANDRA-7049,iamaleksey:1,mshuler:1
mike_tr_adamson,1,CASSANDRA-7050,jbellis:1,brandon.williams:1,mikea:1
slebresne,5,CASSANDRA-7052,thobbs:1,slebresne:2,mrvisser:1
mishail,4,CASSANDRA-7053,iamaleksey:2,slebresne:1,Supencheck:2,mishail:7
,2,CASSANDRA-7054,cowardlydragon:1,slebresne:1
slebresne,2,CASSANDRA-7055,slebresne:1
,23,CASSANDRA-7056,jjordan:5,iamaleksey:5,benedict:8,pbailis:5,jbellis:7,tupshin:3,slebresne:1,tjake:2,pmcfadin:1,mbroecheler:1
,4,CASSANDRA-7057,brandon.williams:1
iamaleksey,1,CASSANDRA-7058,iamaleksey:3,jbellis:2
slebresne,6,CASSANDRA-7059,appodictic:1,iamaleksey:2,slebresne:4,alexliu68:1,tjake:1,christianmovi:1
JoshuaMcKenzie,1,CASSANDRA-7060,JoshuaMcKenzie:1
,3,CASSANDRA-7061,benedict:1
,3,CASSANDRA-7062,cowardlydragon:5,benedict:1,slebresne:1
tjake,3,CASSANDRA-7063,jbellis:2,brandon.williams:1,tjake:2
brandon.williams,0,CASSANDRA-7064,brandon.williams:2,yukim:1
,1,CASSANDRA-7065,jbellis:1
,2,CASSANDRA-7066,benedict:3,jbellis:3,yukim:1
slebresne,3,CASSANDRA-7067,iamaleksey:1,slebresne:2
iamaleksey,3,CASSANDRA-7068,iamaleksey:2,thobbs:2,enigmacurry:2
brandon.williams,3,CASSANDRA-7069,jbellis:1,brandon.williams:8,tjake:6,rcoli:1
,2,CASSANDRA-7070,benedict:1
,2,CASSANDRA-7071,jbellis:1
PatZie,1,CASSANDRA-7072,PatZie:4,brandon.williams:2
benedict,1,CASSANDRA-7073,benedict:2,jbellis:1,yukim:2
sbtourist,3,CASSANDRA-7074,iamaleksey:1
blambov,4,CASSANDRA-7075,benedict:1
,1,CASSANDRA-7076,jbellis:2,mstump:1
jbellis,1,CASSANDRA-7078,iamaleksey:3,jbellis:5
slebresne,1,CASSANDRA-7079,ashotik@gmail.com:1
slebresne,4,CASSANDRA-7081,thobbs:1,slebresne:3
brandon.williams,2,CASSANDRA-7082,vijay2win@yahoo.com:1,brandon.williams:3
,1,CASSANDRA-7083,hkropp:1
benedict,3,CASSANDRA-7084,benedict:2,jbellis:1,slebresne:1,mshuler:3
,8,CASSANDRA-7085,kohlisankalp:1,appodictic:1
,3,CASSANDRA-7086,brandon.williams:1,mshuler:1
cnlwsu,3,CASSANDRA-7087,brandon.williams:1
slebresne,2,CASSANDRA-7088,jbellis:1,slebresne:2,brandon.williams:4,jfurmankiewicz:9
slebresne,2,CASSANDRA-7089,benedict:1,slebresne:3
cywjackson,3,CASSANDRA-7090,vijay2win@yahoo.com:4,cywjackson:3,brandon.williams:1
mishravivek,1,CASSANDRA-7091,jbellis:1,yukim:1
kohlisankalp,2,CASSANDRA-7092,kohlisankalp:1,yukim:1
alexliu68,4,CASSANDRA-7093,brandon.williams:7,alexliu68:4,Maxime:4,pkolaczk:1
mishail,3,CASSANDRA-7094,alexyz:1
mishail,2,CASSANDRA-7095,thobbs:1
yukim,2,CASSANDRA-7098,suprajaj:3,yukim:2
,4,CASSANDRA-7099,wtmitchell3:3,slebresne:1,jkrupan:1
alexliu68,5,CASSANDRA-7100,brandon.williams:1,alexliu68:2,rohitbrai:2,pkolaczk:1
,2,CASSANDRA-7101,sri7gster:1,mshuler:3
,1,CASSANDRA-7102,brandon.williams:1
,2,CASSANDRA-7103,benedict:4,mbligh:4
mishail,2,CASSANDRA-7104,brandon.williams:2,mishail:2
slebresne,4,CASSANDRA-7105,wtmitchell3:3,thobbs:1,dbrosius:5,slebresne:2
,2,CASSANDRA-7106,jjordan:1,jbellis:1,victori:2,brandon.williams:4
benedict,3,CASSANDRA-7107,iamaleksey:5,benedict:4
,2,CASSANDRA-7108,nickmbailey:1
shawn.kumar,1,CASSANDRA-7109,enigmacurry:1
rhatch,2,CASSANDRA-7110,rhatch:2
blerer,4,CASSANDRA-7111,thobbs:5,jbellis:1,slebresne:1,blerer:4
slebresne,3,CASSANDRA-7112,thobbs:3,slebresne:3
rhatch,1,CASSANDRA-7114,enigmacurry:1
benedict,1,CASSANDRA-7116,benedict:4,jbellis:3
,3,CASSANDRA-7117,jpoblete:1
iamaleksey,2,CASSANDRA-7119,iamaleksey:2,benedict:1
slebresne,4,CASSANDRA-7120,thobbs:3,slebresne:2,rhatch:1
,2,CASSANDRA-7121,benedict:1,jbellis:1
brandon.williams,4,CASSANDRA-7122,brandon.williams:9,rlow:6
thobbs,4,CASSANDRA-7123,thobbs:3,alexyz:4,slebresne:2
benedict,6,CASSANDRA-7125,vijay2win@yahoo.com:3,kohlisankalp:1,benedict:4,jbellis:2,slebresne:1
brandon.williams,1,CASSANDRA-7126,brandon.williams:4,tjake:1
,1,CASSANDRA-7127,jbellis:1
tjake,4,CASSANDRA-7128,dbrosius:2,benedict:3,jbellis:3,tjake:4
jasobrown,3,CASSANDRA-7130,benedict:3,jbellis:1,jasobrown:2
,4,CASSANDRA-7131,thobbs:1,mishail:1,aploetz:3
blynch,1,CASSANDRA-7132,brandon.williams:1,blynch:3
benedict,2,CASSANDRA-7133,benedict:1,jbellis:1
blynch,1,CASSANDRA-7134,brandon.williams:1,blynch:3
,3,CASSANDRA-7135,iamaleksey:1,slebresne:1
thobbs,9,CASSANDRA-7136,JoshuaMcKenzie:2,jjordan:2,thobbs:3,dbrosius:1,atobey@datastax.com:2,jbellis:3,tupshin:2,slebresne:1,nickmbailey:1,brandon.williams:2
brandon.williams,1,CASSANDRA-7137,thobbs:1,brandon.williams:2
slebresne,2,CASSANDRA-7138,thobbs:1,slebresne:1
jbellis,2,CASSANDRA-7139,jjordan:1,benedict:4,jbellis:7
shawn.kumar,2,CASSANDRA-7140,shawn.kumar:1
mishail,2,CASSANDRA-7142,brandon.williams:1,mishail:2
brandon.williams,2,CASSANDRA-7143,iamaleksey:1,brandon.williams:4,rhatch:1
iamaleksey,12,CASSANDRA-7144,kohlisankalp:2,iamaleksey:3,thobbs:3,jbellis:1,jason.punyon:4,nesnub:3,rlow:8
krummas,6,CASSANDRA-7145,peter-librato:1,krummas:3,jbellis:1,maxim.zakharenkov:1,yukim:1
,1,CASSANDRA-7146,brandon.williams:1
pyritschard,3,CASSANDRA-7147,pyritschard:8,slebresne:1,brandon.williams:6,mshuler:2
,5,CASSANDRA-7148,bodrin:1,slebresne:1,mshuler:1
Jianwei Zhang,2,CASSANDRA-7149,dbrosius:2,Jianwei:1
,2,CASSANDRA-7150,slebresne:1,alprema:1
,2,CASSANDRA-7151,slebresne:1
,2,CASSANDRA-7152,slebresne:1
,2,CASSANDRA-7153,slebresne:1
,2,CASSANDRA-7154,slebresne:1
slebresne,3,CASSANDRA-7155,thobbs:1,slebresne:2
mshuler,5,CASSANDRA-7156,pyritschard:6,jjordan:3,jbellis:3,tupshin:1,brandon.williams:1,mshuler:1
,2,CASSANDRA-7157,brandon.williams:1,mshuler:1
rhatch,2,CASSANDRA-7158,brandon.williams:1,rhatch:1,mshuler:1
vsinjavin,3,CASSANDRA-7159,jjordan:1,vsinjavin:7,jbellis:1,slebresne:4,brandon.williams:2
mshuler,3,CASSANDRA-7160,slebresne:1,brandon.williams:2,mshuler:4
jbellis,1,CASSANDRA-7161,jbellis:1,mshuler:1
slebresne,2,CASSANDRA-7162,slebresne:2,mshuler:2
philipthompson,3,CASSANDRA-7163,rhatch:1,philipthompson:1
JoshuaMcKenzie,2,CASSANDRA-7164,JoshuaMcKenzie:1,yukim:1,mshuler:2
yukim,2,CASSANDRA-7165,JoshuaMcKenzie:1,yukim:1,mshuler:4
mshuler,1,CASSANDRA-7166,jbellis:1,mshuler:8
benedict,2,CASSANDRA-7167,benedict:1,brandon.williams:1,mshuler:2
,7,CASSANDRA-7168,benedict:1,jbellis:1,slebresne:1,brandon.williams:3,tjake:5
dbrosius,1,CASSANDRA-7169,dbrosius:1,jbellis:1
Jianwei Zhang,1,CASSANDRA-7170,jbellis:1,Jianwei:1
,1,CASSANDRA-7171,brandon.williams:3,liguosheng:4
mishail,2,CASSANDRA-7172,brandon.williams:2,mishail:2
fhsnelson,3,CASSANDRA-7173,sefthuko:1,jbellis:1,brandon.williams:6,fhsnelson:7
mshuler,3,CASSANDRA-7174,appodictic:1,mshuler:3
enigmacurry,1,CASSANDRA-7175,enigmacurry:1
,1,CASSANDRA-7176,jbellis:1,mohica:1
sbtourist,2,CASSANDRA-7177,sbtourist:4,jasobrown:6
mshuler,1,CASSANDRA-7178,jbellis:1,brandon.williams:1,mshuler:5
,1,CASSANDRA-7179,brandon.williams:5,philipthompson:5
rhatch,2,CASSANDRA-7180,benedict:1
lyubent,2,CASSANDRA-7181,beobal:1,brandon.williams:2,lyubent:2
dbrosius,2,CASSANDRA-7182,iamaleksey:1,dbrosius:2
dbrosius,1,CASSANDRA-7183,dbrosius:3,jbellis:1
Jianwei Zhang,1,CASSANDRA-7184,jbellis:1,Jianwei:2,brandon.williams:3
mishail,2,CASSANDRA-7185,thobbs:1,brandon.williams:2,mishail:3
enigmacurry,5,CASSANDRA-7186,dubeys:1,brandon.williams:1,mshuler:1
krummas,1,CASSANDRA-7187,krummas:2,brandon.williams:2,yukim:1
mshuler,5,CASSANDRA-7188,atobey@datastax.com:1,hibou:1
yukim,2,CASSANDRA-7189,krummas:1,yukim:2,mshuler:2
dbrosius,2,CASSANDRA-7191,dbrosius:1,brandon.williams:1,rcoli:1
,3,CASSANDRA-7192,jjordan:1,slebresne:1
krummas,2,CASSANDRA-7193,krummas:1,jbellis:1
JoshuaMcKenzie,1,CASSANDRA-7194,JoshuaMcKenzie:3,jbellis:3
JoshuaMcKenzie,1,CASSANDRA-7195,JoshuaMcKenzie:5,jbellis:2
tjake,2,CASSANDRA-7196,tjake:5,mishail:5
daniels,2,CASSANDRA-7197,dbrosius:1,jbellis:2
brenttheisen,2,CASSANDRA-7198,dbrosius:3,brenttheisen:2
benedict,2,CASSANDRA-7199,benedict:1,brandon.williams:1,mshuler:4
ala.alkhaldi,1,CASSANDRA-7200,ala.alkhaldi:11,jbellis:1,brandon.williams:9
benedict,3,CASSANDRA-7201,benedict:2,jbellis:2,tjake:1,mshuler:4
philipthompson,4,CASSANDRA-7202,JoshuaMcKenzie:1,philipthompson:2
mshuler,3,CASSANDRA-7205,iamaleksey:1,jbellis:2,brandon.williams:1,mshuler:3,yangzhe1991:1
slebresne,6,CASSANDRA-7206,iamaleksey:3,snazy:4,slebresne:4,nickmbailey:1,mishail:1
slebresne,2,CASSANDRA-7208,thobbs:1,slebresne:2
slebresne,4,CASSANDRA-7209,iamaleksey:5,thobbs:1,jbellis:1,slebresne:2
Yasuharu Goto,2,CASSANDRA-7210,jbellis:1,Yasuharu:5,mishail:4
acoz,2,CASSANDRA-7211,iamaleksey:1
,1,CASSANDRA-7214,brandon.williams:1
,1,CASSANDRA-7215,enigmacurry:1,brandon.williams:1
dbrosius,5,CASSANDRA-7216,iamaleksey:6,dbrosius:4,brandon.williams:1,odpeer:4
,6,CASSANDRA-7217,benedict:1,jasobrown:1
dbrosius,2,CASSANDRA-7218,dbrosius:3,prasanthnath:4
jasobrown,3,CASSANDRA-7219,jjordan:1,krummas:1,jbellis:1,jasobrown:2
enigmacurry,5,CASSANDRA-7220,benedict:2,rarudduck:2,mshuler:1
jlewandowski,2,CASSANDRA-7221,brandon.williams:1,alexliu68:1
mishail,2,CASSANDRA-7222,thobbs:2,mishail:4
rhatch,1,CASSANDRA-7223,brandon.williams:1,rhatch:1
,1,CASSANDRA-7224,mshuler:1
snazy,5,CASSANDRA-7225,thobbs:1,jbellis:2,snazy:7,slebresne:3,khahn:1
rhatch,3,CASSANDRA-7226,dbrosius:2,jbellis:1,brandon.williams:3,rhatch:6
tjake,2,CASSANDRA-7227,benedict:1,tjake:2
filmaster.mrk,1,CASSANDRA-7228,jbellis:1
filmaster.mrk,2,CASSANDRA-7229,brandon.williams:1,mshuler:1
,3,CASSANDRA-7230,johnny15676:1
iamaleksey,5,CASSANDRA-7231,iamaleksey:5,thobbs:3,slebresne:5
,8,CASSANDRA-7232,thobbs:1,benedict:4,jbellis:3,nickmbailey:1,pmcfadin:1,lyubent:5
,3,CASSANDRA-7233,thobbs:1,brandon.williams:1
krummas,3,CASSANDRA-7234,thobbs:1,krummas:2
m0nstermind,2,CASSANDRA-7235,krummas:1,jbellis:1
m0nstermind,1,CASSANDRA-7236,brandon.williams:1
krummas,10,CASSANDRA-7239,krummas:3,jbellis:4,ashic:2,snazy:1,brandon.williams:5,rspitzer:1,amontalenti:1
brandon.williams,3,CASSANDRA-7241,slebresne:4,brandon.williams:11,alexliu68:2
cnlwsu,4,CASSANDRA-7242,krummas:1,jbellis:1,cnlwsu:1
mshuler,2,CASSANDRA-7243,mshuler:1
benedict,2,CASSANDRA-7244,dbrosius:2
tjake,8,CASSANDRA-7245,benedict:10,xedin:9,jbellis:1,jasobrown:12,slebresne:1,brandon.williams:1,tjake:16
brandon.williams,4,CASSANDRA-7246,thobbs:1,brandon.williams:4,rbranson:1
cnlwsu,6,CASSANDRA-7247,benedict:1,jbellis:1,cnlwsu:2,brandon.williams:1
slebresne,7,CASSANDRA-7248,iamaleksey:1,thobbs:5,dbrosius:1,slebresne:7,brandon.williams:1
,4,CASSANDRA-7249,benedict:1,jasobrown:1,cscetbon:1
krummas,1,CASSANDRA-7250,krummas:2,jbellis:2
JoshuaMcKenzie,1,CASSANDRA-7251,JoshuaMcKenzie:1,jbellis:1
rstrickland,2,CASSANDRA-7252,iamaleksey:3,rstrickland:3
woolfel,2,CASSANDRA-7253,dbrosius:2,woolfel:1
brandon.williams,8,CASSANDRA-7254,JoshuaMcKenzie:1,jjordan:1,thobbs:2,jbellis:1,cnlwsu:4,brandon.williams:3,tjake:1,na-ga:2,cmceniry:1
,3,CASSANDRA-7255,thobbs:1,slebresne:1,brandon.williams:2
iamaleksey,3,CASSANDRA-7256,iamaleksey:1,mstump:1
dbrosius,1,CASSANDRA-7257,dbrosius:1,jbellis:1
,2,CASSANDRA-7259,dbrosius:1
mishail,3,CASSANDRA-7261,thobbs:1,mishail:3
JoshuaMcKenzie,7,CASSANDRA-7262,JoshuaMcKenzie:10,krummas:2,jbellis:7,rbranson:2
hibou,1,CASSANDRA-7263,jbellis:2,brandon.williams:1,hibou:1
iamaleksey,3,CASSANDRA-7264,iamaleksey:2,thobbs:1
ala.alkhaldi,3,CASSANDRA-7265,JoshuaMcKenzie:1,thobbs:1,ala.alkhaldi:2
,5,CASSANDRA-7266,xapharius:5,mishail:4,corey.hemminger@nativex.com:1
mishail,4,CASSANDRA-7267,thobbs:1,Alien2150:1,jbellis:1,slebresne:2,mishail:8
beobal,7,CASSANDRA-7268,beobal:1,jjordan:1,iamaleksey:1,jbellis:1
krummas,2,CASSANDRA-7270,JoshuaMcKenzie:1,krummas:1
mshuler,2,CASSANDRA-7271,jbellis:3,prasanthnath:4,mshuler:3
,2,CASSANDRA-7272,tjake:1
cnlwsu,5,CASSANDRA-7273,cnlwsu:4,brandon.williams:11,yukim:2,rfwagner@gmail.com:2
pmcfadin,6,CASSANDRA-7274,iamaleksey:4,jbellis:1,brandon.williams:1,pmcfadin:4,mishail:1
yukim,6,CASSANDRA-7275,thobbs:2,benedict:1,jbellis:3,mishail:3,yukim:3
nitzanv,6,CASSANDRA-7276,jbellis:1,eitikimura:3,nitzanv:3
,3,CASSANDRA-7277,slebresne:1
kohlisankalp,2,CASSANDRA-7278,kohlisankalp:4,jbellis:2
slebresne,6,CASSANDRA-7279,appodictic:14,benedict:6,slebresne:8,tjake:16,mshuler:4
benedict,11,CASSANDRA-7282,JoshuaMcKenzie:4,iamaleksey:5,benedict:33,enigmacurry:7,jbellis:3,jasobrown:8,blambov:3
,3,CASSANDRA-7283,clintkelly:1,snazy:2
benedict,2,CASSANDRA-7284,benedict:3,slebresne:3
kohlisankalp,2,CASSANDRA-7285,kohlisankalp:1,benedict:1,brandon.williams:1
,3,CASSANDRA-7286,brandon.williams:1,mishail:1,mshuler:1,anguenot:4
slebresne,2,CASSANDRA-7287,slebresne:2,brandon.williams:1,alexliu68:1
krummas,2,CASSANDRA-7288,krummas:4,jbellis:1,anguenot:4
mishail,2,CASSANDRA-7289,iamaleksey:1,mishail:2
pauloricardomg,2,CASSANDRA-7290,pauloricardomg:1,krummas:1
slebresne,2,CASSANDRA-7291,slebresne:2
,4,CASSANDRA-7292,jw.clark:1,brandon.williams:1,qiny:1,garo5:1
,3,CASSANDRA-7293,crack2drop:3,jbellis:2,mshuler:1,philipthompson:1
nickmbailey,1,CASSANDRA-7294,jbellis:1,nickmbailey:1,brandon.williams:1
,5,CASSANDRA-7297,tupshin:1
,2,CASSANDRA-7299,snazy:1
lyubent,1,CASSANDRA-7300,jbellis:1
,3,CASSANDRA-7301,snazy:3,slebresne:1,mishail:1
,1,CASSANDRA-7302,jbellis:1
,1,CASSANDRA-7303,brandon.williams:1,jfurmankiewicz:1
,9,CASSANDRA-7304,drew_kutchar:2,jbellis:4,slebresne:4,odpeer:9
slebresne,5,CASSANDRA-7305,iamaleksey:2,thobbs:1,slebresne:4
,9,CASSANDRA-7306,atobey@datastax.com:2,tupshin:1,brandon.williams:1,stinkymatt:1
brandon.williams,4,CASSANDRA-7307,jbellis:11,brandon.williams:14,rlow:4
,1,CASSANDRA-7308,j.casares:2,brandon.williams:2
,1,CASSANDRA-7310,sougatabhat:1
mishraawake,7,CASSANDRA-7311,jjordan:1,iamaleksey:2,thobbs:2,dbrosius:9,jbellis:5,brandon.williams:1,mishraawake:17
,2,CASSANDRA-7312,jbellis:1,casibbald:1,mshuler:1
,4,CASSANDRA-7313,beobal:1,jbellis:1,mshuler:1
adelapena,4,CASSANDRA-7314,thobbs:1
bcoverston,2,CASSANDRA-7315,brandon.williams:1
JoshuaMcKenzie,3,CASSANDRA-7316,JoshuaMcKenzie:2,ala.alkhaldi:2,jbellis:2,snazy:1
yukim,10,CASSANDRA-7317,krummas:1,jbellis:2,nickmbailey:6,mishail:4,yukim:3
brandon.williams,3,CASSANDRA-7318,thobbs:1,kishkaru:3,jbellis:1,brandon.williams:4
iamaleksey,3,CASSANDRA-7319,iamaleksey:1,slebresne:1
iamaleksey,2,CASSANDRA-7320,iamaleksey:1,jasobrown:1
thobbs,1,CASSANDRA-7322,thobbs:2,brandon.williams:1
JoshuaMcKenzie,2,CASSANDRA-7323,JoshuaMcKenzie:2,iamaleksey:1
brandon.williams,0,CASSANDRA-7324,brandon.williams:2
mishail,2,CASSANDRA-7325,thobbs:1,mishail:2
,2,CASSANDRA-7326,iamaleksey:1,yangqiju:1
slebresne,4,CASSANDRA-7327,JoshuaMcKenzie:1,thobbs:2,slebresne:3
iamaleksey,3,CASSANDRA-7328,iamaleksey:4,matthew.oriordan:1,jasobrown:4
JoshuaMcKenzie,2,CASSANDRA-7329,JoshuaMcKenzie:2,krummas:1
JoshuaMcKenzie,4,CASSANDRA-7330,JoshuaMcKenzie:3,krummas:2,dv1983:1
,3,CASSANDRA-7331,jbellis:1
enigmacurry,3,CASSANDRA-7332,mshuler:1,baldrick:3
brandon.williams,3,CASSANDRA-7333,thobbs:1,brandon.williams:2
ala.alkhaldi,2,CASSANDRA-7334,JoshuaMcKenzie:3,ala.alkhaldi:4,brandon.williams:1
JoshuaMcKenzie,2,CASSANDRA-7335,JoshuaMcKenzie:1,jbellis:2,sirdavidhuang:2
mishail,2,CASSANDRA-7336,nickmbailey:1,mishail:3,yukim:1
slebresne,2,CASSANDRA-7337,iamaleksey:2,slebresne:1
beobal,3,CASSANDRA-7338,beobal:3,iamaleksey:3,benedict:1
alexliu68,2,CASSANDRA-7340,brandon.williams:1,bcoverston:1
kohlisankalp,2,CASSANDRA-7341,kohlisankalp:4,jbellis:2,brandon.williams:1
kohlisankalp,2,CASSANDRA-7342,kohlisankalp:2,jbellis:1,slebresne:1
kohlisankalp,4,CASSANDRA-7343,kohlisankalp:3,iamaleksey:1,benedict:1,slebresne:1
kohlisankalp,2,CASSANDRA-7344,kohlisankalp:3,slebresne:3
kohlisankalp,1,CASSANDRA-7345,kohlisankalp:2,jbellis:2
iamaleksey,5,CASSANDRA-7346,iamaleksey:8,slebresne:4,rlow:2
,1,CASSANDRA-7347,yukim:1,palik:1
JoshuaMcKenzie,3,CASSANDRA-7348,JoshuaMcKenzie:3,ala.alkhaldi:1,jbellis:1,philipthompson:3
,3,CASSANDRA-7349,benedict:2,jbellis:1
shawn.kumar,2,CASSANDRA-7350,shawn.kumar:1,brandon.williams:1
tjake,2,CASSANDRA-7351,iamaleksey:5,jbellis:1,tjake:8
JoshuaMcKenzie,2,CASSANDRA-7352,JoshuaMcKenzie:1,jbellis:1,philipthompson:1
JoshuaMcKenzie,4,CASSANDRA-7353,JoshuaMcKenzie:4,dbrosius:1,jbellis:1,snazy:1,philipthompson:4
iamaleksey,2,CASSANDRA-7354,iamaleksey:3,jbellis:2
,2,CASSANDRA-7355,thobbs:1
brandon.williams,6,CASSANDRA-7356,thobbs:3,krummas:1,brandon.williams:4
,1,CASSANDRA-7358,alexander_radzin:1,jbellis:1
iamaleksey,3,CASSANDRA-7359,kohlisankalp:4,iamaleksey:4,benedict:4
slebresne,4,CASSANDRA-7360,slebresne:3,blerer:2
,5,CASSANDRA-7361,dbrosius:1,benedict:4,jbellis:6,snazy:2,jfurmankiewicz:20
,4,CASSANDRA-7362,brianmhess:1,jbellis:1
,2,CASSANDRA-7363,cywjackson:1,jjordan:1,brandon.williams:1
iamaleksey,2,CASSANDRA-7364,iamaleksey:2,jbellis:1
JoshuaMcKenzie,3,CASSANDRA-7365,JoshuaMcKenzie:4,benedict:1,jbellis:1,hsn:1
iamaleksey,2,CASSANDRA-7366,iamaleksey:4,slebresne:2
dbrosius,2,CASSANDRA-7367,slebresne:3
,3,CASSANDRA-7368,krummas:1,frichard:3
dbrosius,2,CASSANDRA-7369,dbrosius:2,jbellis:2
snazy,7,CASSANDRA-7370,iamaleksey:2,jbellis:1,tupshin:2,snazy:7,brandon.williams:2
tjake,7,CASSANDRA-7371,benedict:1,jbellis:1,snazy:8,slebresne:1,tjake:6,mshuler:1,philipthompson:1
mishail,5,CASSANDRA-7372,slebresne:2,mishail:4,jkrupan:1
mishail,6,CASSANDRA-7373,thobbs:1,jeffery.griffith:6,jbellis:4,mishail:7
,3,CASSANDRA-7375,arodrime:1,olvesh:1
,1,CASSANDRA-7377,rlow:1
,6,CASSANDRA-7378,thobbs:1,snazy:2,slebresne:2,jorgebg:1
mshuler,4,CASSANDRA-7379,iamaleksey:1,jbellis:1,brandon.williams:1,mishail:3,jkrupan:1,ashotik@gmail.com:2
brandon.williams,5,CASSANDRA-7380,kohlisankalp:3,brandon.williams:4
iheanyi,1,CASSANDRA-7381,iheanyi:2,brandon.williams:2
,3,CASSANDRA-7382,jbellis:1,slebresne:1
kohlisankalp,7,CASSANDRA-7384,kohlisankalp:2,or.sher1:1,jbellis:2,slebresne:1,brandon.williams:1,rlow:1
,1,CASSANDRA-7385,mheffner:1,jbellis:2,brandon.williams:1
enigmacurry,8,CASSANDRA-7386,jbellis:7,cnlwsu:2,snazy:9,yukim:2,lyubent:2
,1,CASSANDRA-7387,jijo:1,jbellis:1,brandon.williams:2
,1,CASSANDRA-7388,yukim:1
ala.alkhaldi,2,CASSANDRA-7389,JoshuaMcKenzie:2,ala.alkhaldi:1,brandon.williams:1
JoshuaMcKenzie,3,CASSANDRA-7390,JoshuaMcKenzie:7,thobbs:3,jbellis:1,brandon.williams:1
,2,CASSANDRA-7393,iamaleksey:1,benedict:2
iamaleksey,1,CASSANDRA-7394,iamaleksey:1,jbellis:1
snazy,13,CASSANDRA-7395,thobbs:13,benedict:2,jbellis:1,snazy:40,slebresne:8,jkrupan:1,lyubent:1
snazy,6,CASSANDRA-7396,dbrosius:1,jbellis:1,snazy:5,slebresne:2
carlyeks,5,CASSANDRA-7397,iamaleksey:2,carlyeks:1,kishkaru:2,mshuler:2,lyubent:2
JoshuaMcKenzie,6,CASSANDRA-7398,JoshuaMcKenzie:5,ala.alkhaldi:1,jbellis:2,snazy:2,slebresne:1,brandon.williams:1,totopo_loco:21,lyubent:9
mishail,5,CASSANDRA-7399,iamaleksey:1,thobbs:3,snazy:1,slebresne:1,mishail:3
,2,CASSANDRA-7400,snazy:1,brandon.williams:1,doanduyhai:1
christianmovi,4,CASSANDRA-7401,iamaleksey:1,jbellis:1,christianmovi:3
tjake,7,CASSANDRA-7402,benedict:4,jbellis:2,snazy:2,tjake:6,rbranson:1
benedict,4,CASSANDRA-7403,beobal:1,iamaleksey:2,benedict:4,jbellis:1,slebresne:5
mishail,5,CASSANDRA-7405,iamaleksey:3,thobbs:3,pmcfadin:1,mishail:4
mishail,2,CASSANDRA-7407,brandon.williams:2,mishail:3,jpoblete:1
carlyeks,3,CASSANDRA-7409,krummas:2,carlyeks:3,jbellis:3
alexliu68,1,CASSANDRA-7410,brandon.williams:3,alexliu68:4
philipthompson,2,CASSANDRA-7411,brandon.williams:2,philipthompson:1,crazyproger:1
alexliu68,2,CASSANDRA-7412,jeromatron:1
slebresne,3,CASSANDRA-7413,thobbs:3,slebresne:4
krummas,2,CASSANDRA-7414,kohlisankalp:3,krummas:4,yukim:2
stinkymatt,2,CASSANDRA-7416,benedict:1
stinkymatt,6,CASSANDRA-7417,jbellis:1,al@ooyala.com:3
,2,CASSANDRA-7418,krummas:1,tomvandenberge:1
,3,CASSANDRA-7419,mshuler:1
,1,CASSANDRA-7420,snazy:1
benedict,2,CASSANDRA-7421,dbrosius:2,benedict:2
,4,CASSANDRA-7422,iamaleksey:1,snazy:1,aholmber:3
,9,CASSANDRA-7423,iamaleksey:1,brianmhess:1,snazy:1
,1,CASSANDRA-7424,jbellis:1
,2,CASSANDRA-7425,iamaleksey:1
snazy,2,CASSANDRA-7427,dbrosius:1,jbellis:1,snazy:2
jbellis,1,CASSANDRA-7428,iamaleksey:1,jbellis:3
benedict,2,CASSANDRA-7429,krummas:1,benedict:2
,5,CASSANDRA-7430,JoshuaMcKenzie:1,jbellis:1,snazy:1,mshuler:2
pauloricardomg,2,CASSANDRA-7431,pauloricardomg:3,brandon.williams:2
brandon.williams,6,CASSANDRA-7432,JoshuaMcKenzie:1,jbellis:2,brandon.williams:12,graham:3,rbranson:1
,3,CASSANDRA-7433,andrey.kaliazin:1,brandon.williams:2
yukim,1,CASSANDRA-7434,jjordan:2,yukim:1
JoshuaMcKenzie,2,CASSANDRA-7435,JoshuaMcKenzie:2,jbellis:1,philipthompson:3
rhatch,2,CASSANDRA-7436,benedict:2,enigmacurry:1
benedict,3,CASSANDRA-7437,benedict:7,tjake:5,philipthompson:1
vijay2win@yahoo.com,11,CASSANDRA-7438,vijay2win@yahoo.com:9,benedict:6,jbellis:2,snazy:8,brandon.williams:1
,2,CASSANDRA-7439,brandon.williams:1,mikea:1
thobbs,2,CASSANDRA-7440,thobbs:2,slebresne:1
slebresne,3,CASSANDRA-7441,slebresne:1
tjake,4,CASSANDRA-7442,thobbs:2,tjake:2,philipthompson:1
tjake,15,CASSANDRA-7443,appodictic:1,benedict:4,jasobrown:3,slebresne:1,tjake:9
iamaleksey,8,CASSANDRA-7444,iamaleksey:3,jbellis:4,slebresne:2,rocco.varela:1,brandon.williams:1
pauloricardomg,3,CASSANDRA-7445,pauloricardomg:3,jbellis:1,slebresne:1,alexliu68:2
benedict,31,CASSANDRA-7447,iamaleksey:3,benedict:17,snazy:1,slebresne:6,tjake:2,jkrupan:3
,2,CASSANDRA-7449,slebresne:1,graham:10
pauloricardomg,5,CASSANDRA-7450,pauloricardomg:3,brandon.williams:1,yukim:3
JoshuaMcKenzie,2,CASSANDRA-7451,jbellis:1,jorgebg:1
slebresne,2,CASSANDRA-7452,iamaleksey:1,slebresne:2
,2,CASSANDRA-7453,kohlisankalp:1,jbellis:2
thobbs,3,CASSANDRA-7454,thobbs:2,slebresne:1,0x6e6562:1
slebresne,3,CASSANDRA-7455,iamaleksey:1,slebresne:2,graham:1
thobbs,3,CASSANDRA-7457,thobbs:2,jeff.sabin:1
pezra,2,CASSANDRA-7459,pezra:1,jbellis:1
krummas,2,CASSANDRA-7460,krummas:3,jbellis:2
philipthompson,3,CASSANDRA-7462,philipthompson:1
carlyeks,7,CASSANDRA-7463,JoshuaMcKenzie:1,carlyeks:3,tupshin:1,brandon.williams:1,blerer:3,yukim:1
,3,CASSANDRA-7464,jbellis:1,slebresne:1,brandon.williams:1,azotcsit:1
tjake,5,CASSANDRA-7465,benedict:2,jasobrown:6,slebresne:1,tjake:5
maedhroz,2,CASSANDRA-7466,jbellis:2,mshuler:1
iamaleksey,4,CASSANDRA-7467,cywjackson:3,iamaleksey:2,mshuler:1,graham:1
stinkymatt,4,CASSANDRA-7468,benedict:7,stinkymatt:7,dmeyer:3
,1,CASSANDRA-7469,brandon.williams:1,Yasuharu:1
thobbs,3,CASSANDRA-7470,iamaleksey:1,thobbs:2,dominicletz:1
,2,CASSANDRA-7471,daniel.nuriyev:1
slebresne,5,CASSANDRA-7472,thobbs:1,jbellis:1
philipthompson,4,CASSANDRA-7473,iamaleksey:2,kishkaru:1,brandon.williams:1,philipthompson:1
kishkaru,3,CASSANDRA-7474,kishkaru:1,philipthompson:2
philipthompson,2,CASSANDRA-7475,JoshuaMcKenzie:1,philipthompson:4
jbellis,2,CASSANDRA-7476,JoshuaMcKenzie:2,jbellis:3,iheanyi:5
mishail,4,CASSANDRA-7477,thobbs:2,kishkaru:3,jbellis:1,brandon.williams:1,mishail:9
jbellis,2,CASSANDRA-7478,iamaleksey:1,jbellis:3
kohlisankalp,2,CASSANDRA-7479,jbellis:1,slebresne:1
,2,CASSANDRA-7480,krummas:1,jbellis:1
,2,CASSANDRA-7481,iamaleksey:1
,2,CASSANDRA-7482,iamaleksey:1
mishail,2,CASSANDRA-7483,mishail:1
slebresne,2,CASSANDRA-7484,slebresne:3,tjake:2
shawn.kumar,13,CASSANDRA-7486,benedict:1,jbellis:1,tjake:1,rbranson:1
,2,CASSANDRA-7487,brandon.williams:1,philipthompson:1
,1,CASSANDRA-7488,evoyt:3
,5,CASSANDRA-7489,iamaleksey:3,benedict:6,jbellis:3
graham.sanderson,2,CASSANDRA-7490,slebresne:1,graham:2
,3,CASSANDRA-7491,beobal:2,xedin:2,brandon.williams:3
,2,CASSANDRA-7492,slebresne:1,jorgebg:1
krummas,2,CASSANDRA-7493,krummas:1,jbellis:2,azotcsit:3
,2,CASSANDRA-7494,jbellis:2,slebresne:1,samnor:3
iamaleksey,1,CASSANDRA-7495,iamaleksey:2,jbellis:1
jasobrown,4,CASSANDRA-7496,jbellis:1,jasobrown:2,tjake:1
,2,CASSANDRA-7497,mshuler:2
azotcsit,3,CASSANDRA-7498,jbellis:3,blerer:1,azotcsit:3
slebresne,4,CASSANDRA-7499,thobbs:2,enigmacurry:1,slebresne:8,doanduyhai:3
lyubent,1,CASSANDRA-7500,jbellis:1,lyubent:1
slebresne,3,CASSANDRA-7502,slebresne:2,tjake:1
ala.alkhaldi,2,CASSANDRA-7503,JoshuaMcKenzie:3,ala.alkhaldi:3,jbellis:2
JoshuaMcKenzie,2,CASSANDRA-7505,JoshuaMcKenzie:1,ala.alkhaldi:1,jbellis:1
thobbs,4,CASSANDRA-7506,thobbs:4,slebresne:2,rhatch:1
JoshuaMcKenzie,8,CASSANDRA-7507,kmueller:2,JoshuaMcKenzie:6,jjordan:2,benedict:4,jbellis:5,brandon.williams:1,jdsumsion:1
thobbs,2,CASSANDRA-7508,jjordan:1,thobbs:3
thobbs,5,CASSANDRA-7509,iamaleksey:1,thobbs:3,jbellis:2,slebresne:1,mishail:3
,4,CASSANDRA-7510,slebresne:3,brandon.williams:3,Reuzel:2
jjordan,8,CASSANDRA-7511,jjordan:11,benedict:11,brandon.williams:2,tjake:2,christianmovi:1,mshuler:1
,1,CASSANDRA-7512,flarcher:1
,3,CASSANDRA-7513,mikea:1,mshuler:1
mishail,5,CASSANDRA-7514,iamaleksey:4,mishail:7
benedict,2,CASSANDRA-7515,iamaleksey:1,benedict:2
enigmacurry,2,CASSANDRA-7516,enigmacurry:2,jbellis:2,mishail:2
JoshuaMcKenzie,2,CASSANDRA-7517,JoshuaMcKenzie:2,ala.alkhaldi:2,jbellis:1
,2,CASSANDRA-7518,iamaleksey:1,he902:1,brandon.williams:1
benedict,5,CASSANDRA-7519,benedict:5,enigmacurry:1,tjake:3
,11,CASSANDRA-7520,benedict:4,jbellis:2,dhendry:1,tjake:2
jasobrown,3,CASSANDRA-7521,jasobrown:2,yukim:1
,2,CASSANDRA-7522,mshuler:2
JoshuaMcKenzie,7,CASSANDRA-7523,JoshuaMcKenzie:10,iamaleksey:1,thobbs:1,benedict:5,jbellis:2,snazy:2,slebresne:2
mishail,4,CASSANDRA-7524,jbellis:1,brandon.williams:2,tuukka.mustonen:2,mishail:2
beobal,6,CASSANDRA-7525,beobal:1,thobbs:2,rhatch:1
snazy,6,CASSANDRA-7526,thobbs:2,jbellis:2,snazy:13,blerer:1
thobbs,5,CASSANDRA-7527,iamaleksey:2,thobbs:5,khahn:3,jkrupan:1
brandon.williams,3,CASSANDRA-7528,jasobrown:1,jw.clark:1,brandon.williams:3,mshuler:1
,2,CASSANDRA-7529,mshuler:1
brandon.williams,4,CASSANDRA-7531,nff:1,brandon.williams:2
krummas,6,CASSANDRA-7532,krummas:2,philipthompson:2
yukim,3,CASSANDRA-7533,mbyrd:1
,4,CASSANDRA-7534,iamaleksey:1,snazy:1,morten@apache.org:1
thobbs,4,CASSANDRA-7535,hymanroth:7,thobbs:3,benedict:1,jbellis:2,brandon.williams:2
,3,CASSANDRA-7536,slebresne:1
,4,CASSANDRA-7537,slebresne:1
thobbs,2,CASSANDRA-7539,iamaleksey:1,thobbs:1
JoshuaMcKenzie,2,CASSANDRA-7541,JoshuaMcKenzie:2,jbellis:2,bamboo82:1
benedict,5,CASSANDRA-7542,kohlisankalp:4,benedict:5,brandon.williams:1
yukim,2,CASSANDRA-7543,peter-librato:1,jbellis:1,mbyrd:2,yukim:3
,3,CASSANDRA-7545,graham:1
graham.sanderson,4,CASSANDRA-7546,benedict:27,slebresne:2,graham:62
,2,CASSANDRA-7547,j.casares:1,jbellis:2,penberg:3,brandon.williams:1
,2,CASSANDRA-7549,he902:1,benedict:2
,4,CASSANDRA-7550,iamaleksey:2,he902:2,benedict:1
jbellis,1,CASSANDRA-7551,benedict:2,jbellis:2
yukim,3,CASSANDRA-7552,yukim:1
benedict,2,CASSANDRA-7554,benedict:1
snazy,2,CASSANDRA-7556,snazy:4
,3,CASSANDRA-7557,iamaleksey:1,snazy:2
rspitzer,3,CASSANDRA-7559,benedict:1,rspitzer:4
yukim,11,CASSANDRA-7560,vladmore:5,JoshuaMcKenzie:1,jjordan:2,krummas:1,jbellis:1,yukim:10
iamaleksey,2,CASSANDRA-7561,iamaleksey:2,benedict:2
snazy,3,CASSANDRA-7562,thobbs:4,snazy:13,slebresne:1
snazy,3,CASSANDRA-7563,thobbs:1,snazy:5,slebresne:2
mike_tr_adamson,2,CASSANDRA-7564,thobbs:1
,1,CASSANDRA-7565,jbellis:1,tjake:1
viju,6,CASSANDRA-7566,vijuk:1,thobbs:3,dbrosius:1,brandon.williams:3,0x6e6562:5,yukim:3,mshuler:1
brandon.williams,6,CASSANDRA-7567,benedict:3,enigmacurry:7,jbellis:1,brandon.williams:6,isotope:1
brandon.williams,4,CASSANDRA-7568,shawn.kumar:1,brandon.williams:3,tjake:1,mshuler:1
blerer,2,CASSANDRA-7569,thobbs:1,blerer:1
alexliu68,2,CASSANDRA-7570,brandon.williams:6,alexliu68:4
iamaleksey,2,CASSANDRA-7571,iamaleksey:1,thobbs:1
ramsperger,1,CASSANDRA-7572,brandon.williams:1
,4,CASSANDRA-7573,pluradj:1,mshuler:1
,4,CASSANDRA-7574,jbellis:1,snazy:1,yeshvanthni:2
adelapena,10,CASSANDRA-7575,sbtourist:6,jbellis:4,snazy:1,tjake:2,adelapena:5,mshuler:1
krieb,5,CASSANDRA-7576,iamaleksey:3,jbellis:1,krieb:3,0x6e6562:1
iamaleksey,4,CASSANDRA-7577,JoshuaMcKenzie:2,jjordan:1,iamaleksey:4,jbellis:1,snazy:6
mike_tr_adamson,2,CASSANDRA-7578,iamaleksey:2
brandon.williams,2,CASSANDRA-7580,thobbs:1,brandon.williams:2
,1,CASSANDRA-7581,kohlisankalp:1
,7,CASSANDRA-7582,jjordan:1,iamaleksey:2,benedict:15,enigmacurry:4,jbellis:11,brandon.williams:1,tjake:2
,3,CASSANDRA-7583,jeromatron:2,brandon.williams:3,philipthompson:1
yukim,2,CASSANDRA-7585,krummas:2,jbellis:2,samnor:3,brandon.williams:1,yukim:7
thobbs,3,CASSANDRA-7587,JoshuaMcKenzie:1,thobbs:4,brandon.williams:1
snazy,2,CASSANDRA-7588,snazy:6,brandon.williams:5,djatnieks:1
snazy,5,CASSANDRA-7590,thobbs:3,snazy:9,hddn:2,brandon.williams:1
,1,CASSANDRA-7591,rlow:2
,3,CASSANDRA-7592,brandon.williams:1
thobbs,10,CASSANDRA-7593,iamaleksey:1,thobbs:6,krummas:8,benedict:5,jbellis:2,slebresne:3,rhatch:3
xedin,5,CASSANDRA-7594,xedin:10,jasobrown:2,rbranson:1,philipthompson:5
lyubent,3,CASSANDRA-7595,slebresne:1,mirko.tschaeni:1,lyubent:3
krummas,2,CASSANDRA-7596,krummas:1,benedict:1
snazy,5,CASSANDRA-7597,dbrosius:1,benedict:4,jbellis:1,snazy:7,yukim:1,lyubent:1
philipthompson,3,CASSANDRA-7598,enigmacurry:1,mshuler:2,philipthompson:4
thobbs,4,CASSANDRA-7599,thobbs:6,slebresne:3,brandon.williams:1,philipthompson:2
thobbs,3,CASSANDRA-7600,thobbs:2,snazy:1,mishail:2
brandon.williams,8,CASSANDRA-7601,iamaleksey:1,thobbs:3,jbellis:4,brandon.williams:12,tjake:5,mshuler:1,philipthompson:3
rhatch,2,CASSANDRA-7602,rhatch:2,mshuler:1
thobbs,3,CASSANDRA-7603,iamaleksey:1,thobbs:2
rhatch,3,CASSANDRA-7604,snazy:2,rhatch:1
krummas,3,CASSANDRA-7605,krummas:1
blerer,2,CASSANDRA-7606,snazy:3,slebresne:2
,2,CASSANDRA-7607,iamaleksey:1,snazy:1
rspitzer,2,CASSANDRA-7608,benedict:1,rspitzer:3
,2,CASSANDRA-7610,benedict:1
michalm,3,CASSANDRA-7611,thobbs:1,michalm:1
,2,CASSANDRA-7612,mshuler:1,anguenot:1
snazy,4,CASSANDRA-7613,snazy:2,tjake:1,mishail:1,philipthompson:1
yukim,2,CASSANDRA-7614,krummas:1,yukim:2
thobbs,2,CASSANDRA-7617,iamaleksey:1,thobbs:2
alexliu68,4,CASSANDRA-7618,slebresne:1,alexliu68:1
JoshuaMcKenzie,3,CASSANDRA-7619,JoshuaMcKenzie:5,ala.alkhaldi:3,jbellis:1
rspitzer,2,CASSANDRA-7620,benedict:5,jbellis:1,rspitzer:4
,1,CASSANDRA-7621,jbellis:1,bdeggleston:1
,9,CASSANDRA-7622,rustyrazorblade:1,snazy:1,mfiguiere:1
,1,CASSANDRA-7623,enigmacurry:1
thobbs,3,CASSANDRA-7625,iamaleksey:1,thobbs:2
thobbs,3,CASSANDRA-7626,iamaleksey:1,thobbs:5
JoshuaMcKenzie,2,CASSANDRA-7627,JoshuaMcKenzie:2,ala.alkhaldi:1,jbellis:1
slebresne,3,CASSANDRA-7628,benedict:6,jbellis:2,slebresne:3,brandon.williams:2,mshuler:1
,0,CASSANDRA-7629,jbellis:2,brandon.williams:3
rspitzer,6,CASSANDRA-7631,benedict:8,brandon.williams:3,tjake:4,rspitzer:12,stinkymatt:4
krummas,3,CASSANDRA-7632,krummas:1,yukim:1
,2,CASSANDRA-7633,iamaleksey:2
lyubent,4,CASSANDRA-7635,slebresne:2,lyubent:4
krummas,4,CASSANDRA-7636,iamaleksey:1,krummas:2,brandon.williams:6,zarzyk:5
,6,CASSANDRA-7637,rstml:2,brandon.williams:1,jkrupan:2
yukim,3,CASSANDRA-7638,jjordan:2,jbellis:6,snazy:2,brandon.williams:8,yukim:2
JoshuaMcKenzie,2,CASSANDRA-7639,JoshuaMcKenzie:2,philipthompson:2
benedict,3,CASSANDRA-7640,jjordan:1,benedict:1
philipthompson,3,CASSANDRA-7641,mishail:3,philipthompson:6
,10,CASSANDRA-7642,jjordan:1,iamaleksey:5,thobbs:1,benedict:1,jeromatron:1,rstml:8,jbellis:3,tupshin:1,snazy:5,brandon.williams:3,jkrupan:2
,5,CASSANDRA-7643,iamaleksey:2,jbellis:1,brandon.williams:1
jbellis,1,CASSANDRA-7644,benedict:1,jbellis:3
benedict,2,CASSANDRA-7646,benedict:1
krummas,2,CASSANDRA-7647,iamaleksey:1,krummas:2,jbellis:1
,1,CASSANDRA-7648,jbellis:3,philipthompson:2
brandon.williams,1,CASSANDRA-7649,thobbs:2,brandon.williams:2
jhohertz,1,CASSANDRA-7650,jbellis:2,jhohertz:2
jbellis,3,CASSANDRA-7651,thobbs:3,jbellis:2
snazy,2,CASSANDRA-7652,thobbs:1
mike_tr_adamson,6,CASSANDRA-7653,iamaleksey:1,mikea:2,mshuler:2
,5,CASSANDRA-7654,jjordan:1,iamaleksey:4,snazy:1,tjake:1,jkrupan:3
,1,CASSANDRA-7655,ztyx:1
thobbs,3,CASSANDRA-7656,iamaleksey:1,thobbs:3
,0,CASSANDRA-7657,brandon.williams:1
benedict,4,CASSANDRA-7658,jjordan:1,benedict:4,brandon.williams:4,rspitzer:2
thobbs,3,CASSANDRA-7659,iamaleksey:2,thobbs:5,mishail:2
,2,CASSANDRA-7661,JoshuaMcKenzie:1,jjordan:1
,2,CASSANDRA-7662,burtonator:1
brandon.williams,2,CASSANDRA-7663,jjordan:1,jbellis:1,brandon.williams:7,rlow:3
krummas,6,CASSANDRA-7664,krummas:2,yukim:1,mshuler:1,rbranson:1,jixuan1989:2
yukim,3,CASSANDRA-7665,thobbs:2,krummas:1,yukim:4
beobal,2,CASSANDRA-7666,jbellis:2
,2,CASSANDRA-7667,snazy:2,brandon.williams:2
thobbs,2,CASSANDRA-7668,iamaleksey:1,thobbs:2
aholmber,2,CASSANDRA-7669,jbellis:4,snazy:3,aholmber:1
mishail,3,CASSANDRA-7670,slebresne:1,rhatch:1,mishail:1
thobbs,3,CASSANDRA-7671,iamaleksey:1,thobbs:3,snazy:2
iamaleksey,2,CASSANDRA-7672,iamaleksey:2,jbellis:1,rhatch:1
mishail,2,CASSANDRA-7673,thobbs:2,mishail:1
,2,CASSANDRA-7674,snazy:1,slebresne:1
snazy,1,CASSANDRA-7675,jbellis:1,snazy:1
snazy,2,CASSANDRA-7676,jbellis:1,snazy:1,mshuler:3
philipthompson,2,CASSANDRA-7678,snazy:2,philipthompson:2
,2,CASSANDRA-7679,iamaleksey:2
snazy,2,CASSANDRA-7680,iamaleksey:1
snazy,1,CASSANDRA-7681,snazy:1
snazy,2,CASSANDRA-7682,iamaleksey:2,snazy:4
,4,CASSANDRA-7683,iamaleksey:2,jbellis:1,snazy:1,ztyx:1,jkrupan:2
slebresne,4,CASSANDRA-7684,iamaleksey:1,slebresne:3,jhalliday:1
omichallat,2,CASSANDRA-7685,omichallat:1,slebresne:1
aholmber,2,CASSANDRA-7687,jbellis:1,mishail:1
,3,CASSANDRA-7688,mbyrd:1
snazy,2,CASSANDRA-7689,iamaleksey:1,snazy:1
snazy,3,CASSANDRA-7690,JoshuaMcKenzie:2,jbellis:1,snazy:3
nekto0n,1,CASSANDRA-7691,jbellis:1
snazy,3,CASSANDRA-7692,iamaleksey:1,snazy:5,slebresne:1
krummas,2,CASSANDRA-7694,krummas:1,jbellis:2
norman,8,CASSANDRA-7695,iamaleksey:4,benedict:1,enigmacurry:1,jbellis:2,trustin:4,tjake:7,phb:1,norman:3
,3,CASSANDRA-7696,jjongsma:1,brandon.williams:1
snazy,2,CASSANDRA-7697,iamaleksey:1,snazy:1
snazy,2,CASSANDRA-7698,snazy:1,slebresne:2
,1,CASSANDRA-7699,pankaj.malhotra@ul.com:3,brandon.williams:2,yukim:1
slebresne,3,CASSANDRA-7700,thobbs:1,slebresne:3
,0,CASSANDRA-7701,brandon.williams:1
thobbs,2,CASSANDRA-7703,iamaleksey:2,thobbs:3
benedict,2,CASSANDRA-7704,benedict:9,yukim:5,rbranson:1
benedict,3,CASSANDRA-7705,benedict:2
,2,CASSANDRA-7706,philipthompson:1
slebresne,4,CASSANDRA-7707,thobbs:1,slebresne:2
blerer,2,CASSANDRA-7709,slebresne:1
mshuler,3,CASSANDRA-7710,thobbs:1,yarin:2,jbellis:1,mshuler:2
blerer,4,CASSANDRA-7711,thobbs:2,slebresne:1,blerer:3
,5,CASSANDRA-7712,thobbs:1,sravan_ananthula:1,brandon.williams:2
dankan,3,CASSANDRA-7713,mshuler:1
JoshuaMcKenzie,1,CASSANDRA-7714,JoshuaMcKenzie:2,jbellis:1
tjake,4,CASSANDRA-7716,benedict:2,jasobrown:1,snazy:3,tjake:4
tjake,3,CASSANDRA-7717,slebresne:1,mshuler:1
philipthompson,4,CASSANDRA-7718,iamaleksey:1,jbellis:1,slebresne:1,mshuler:1,philipthompson:2
tjake,6,CASSANDRA-7719,iamaleksey:4,benedict:2,carlyeks:1,brandon.williams:1,tjake:4,mishail:1
,2,CASSANDRA-7720,mikeschrag:4,jbellis:4
,1,CASSANDRA-7721,jeromatron:1
blerer,2,CASSANDRA-7722,slebresne:2
,3,CASSANDRA-7724,benedict:2,mabrek:2,slebresne:1
mike_tr_adamson,4,CASSANDRA-7725,jjordan:2
mike_tr_adamson,7,CASSANDRA-7726,beobal:1,jjordan:7,brandon.williams:5,rspitzer:2,mikea:5,mike_tr_adamson:3
,1,CASSANDRA-7727,jbellis:1,rhatch:1
,2,CASSANDRA-7728,benedict:1
thobbs,3,CASSANDRA-7729,iamaleksey:2,thobbs:2
slebresne,3,CASSANDRA-7730,iamaleksey:1,slebresne:2
snazy,5,CASSANDRA-7731,jjordan:1,iamaleksey:1,jbellis:2,cnlwsu:4,snazy:8,cscetbon:10
iamaleksey,4,CASSANDRA-7732,iamaleksey:4,msukmanowsky:4,benedict:2
iamaleksey,3,CASSANDRA-7733,iamaleksey:2,slebresne:1
iamaleksey,2,CASSANDRA-7734,iamaleksey:1,graham:7
tjake,3,CASSANDRA-7735,benedict:2,jbellis:2,tjake:2
tjake,5,CASSANDRA-7736,jjordan:1,benedict:2,jbellis:1,tjake:5
snazy,2,CASSANDRA-7737,snazy:2,slebresne:1
snazy,4,CASSANDRA-7740,thobbs:3,jbellis:1,snazy:6,slebresne:4,jkrupan:1
beobal,3,CASSANDRA-7741,beobal:1,thobbs:1
beobal,2,CASSANDRA-7742,iamaleksey:1
benedict,12,CASSANDRA-7743,benedict:13,enigmacurry:1,kishkaru:1,jbellis:1,slebresne:1,tjake:3,pingtimeout:4,norman:4
slebresne,4,CASSANDRA-7744,iamaleksey:4,snazy:3,slebresne:4
yukim,2,CASSANDRA-7745,krummas:1,yukim:2
,2,CASSANDRA-7746,rhatch:1,philipthompson:1
slebresne,2,CASSANDRA-7747,slebresne:1
JoshuaMcKenzie,2,CASSANDRA-7748,JoshuaMcKenzie:2,philipthompson:1
JoshuaMcKenzie,1,CASSANDRA-7749,JoshuaMcKenzie:1,jbellis:1
jjordan,4,CASSANDRA-7750,jjordan:2,benedict:1,tjake:2
kohlisankalp,2,CASSANDRA-7752,kohlisankalp:1,slebresne:1
kohlisankalp,2,CASSANDRA-7753,kohlisankalp:2,jbellis:1,slebresne:1
,3,CASSANDRA-7754,krummas:1,benedict:1,shalupov:4
,2,CASSANDRA-7755,slebresne:1
tjake,2,CASSANDRA-7756,shalupov:1,jbellis:2,tjake:3
rbranson,1,CASSANDRA-7758,jbellis:1
,3,CASSANDRA-7759,benedict:2,tjake:1,flarcher:2,yukim:1
lyubent,2,CASSANDRA-7760,tjake:1
,3,CASSANDRA-7762,slebresne:1,doanduyhai:1
slebresne,3,CASSANDRA-7763,benedict:2,slebresne:3
,4,CASSANDRA-7764,jjordan:2,jbellis:1,brandon.williams:1
beobal,2,CASSANDRA-7765,tjake:1
,4,CASSANDRA-7766,brandon.williams:1,flarcher:1
,2,CASSANDRA-7767,jjordan:1
sixpak32577,2,CASSANDRA-7768,blerer:1,sixpak32577:2
snazy,4,CASSANDRA-7769,thobbs:3,jbellis:1,snazy:11,slebresne:3,jkrupan:1
yukim,0,CASSANDRA-7770,jbellis:2,yukim:1
JoshuaMcKenzie,1,CASSANDRA-7772,JoshuaMcKenzie:3,jbellis:2
jasobrown,3,CASSANDRA-7773,jasobrown:4
jlewandowski,5,CASSANDRA-7774,jjordan:1,iamaleksey:1,alexliu68:2,jlewandowski:4
,6,CASSANDRA-7775,merentafo:3,iamaleksey:1,omribahumi:1
sixpak32577,1,CASSANDRA-7777,brandon.williams:1,sixpak32577:3
krummas,2,CASSANDRA-7780,krummas:3,dharsanl:4
thobbs,2,CASSANDRA-7781,thobbs:2,snazy:1
krummas,0,CASSANDRA-7782,brandon.williams:1
,1,CASSANDRA-7783,yarin:1,yukim:1
iamaleksey,2,CASSANDRA-7784,iamaleksey:2,benedict:3
,3,CASSANDRA-7785,mishail:4,aploetz:6
,2,CASSANDRA-7786,or.sher1:4,benedict:3
Bereng,4,CASSANDRA-7787,iamaleksey:1,sbtourist:1,slebresne:2,Bereng:3
iamaleksey,2,CASSANDRA-7788,jjordan:1,iamaleksey:1
mishail,3,CASSANDRA-7789,thobbs:3,mishail:5
,3,CASSANDRA-7791,snazy:2,slebresne:1
thobbs,2,CASSANDRA-7792,iamaleksey:1,thobbs:2
yukim,1,CASSANDRA-7795,benedict:1,yukim:1
iamaleksey,2,CASSANDRA-7796,iamaleksey:4,benedict:2,jbellis:2
thobbs,3,CASSANDRA-7797,thobbs:2,slebresne:1
iamaleksey,3,CASSANDRA-7798,jjordan:1,iamaleksey:3
brandon.williams,3,CASSANDRA-7799,enigmacurry:3,brandon.williams:3
,5,CASSANDRA-7800,thobbs:1,codyrank:3,snazy:1
slebresne,6,CASSANDRA-7801,iamaleksey:2,efrnman:2,jbellis:1,slebresne:3,philipthompson:1
mattrobenolt,4,CASSANDRA-7802,jbellis:1,brandon.williams:1,mshuler:1
krummas,3,CASSANDRA-7803,krummas:2,benedict:1,jbellis:1
thobbs,2,CASSANDRA-7804,thobbs:2,slebresne:1
thobbs,2,CASSANDRA-7806,iamaleksey:1,thobbs:1
richardlow,8,CASSANDRA-7808,peter-librato:1,krummas:3,jbellis:1,mihasya:1,yukim:1,rlow:2
slebresne,4,CASSANDRA-7809,thobbs:3,slebresne:4
krummas,5,CASSANDRA-7810,peter-librato:1,krummas:9,jbellis:1,slebresne:3,yukim:6,jhalliday:2
slebresne,1,CASSANDRA-7811,jbellis:1,slebresne:1
snazy,3,CASSANDRA-7812,thobbs:2,jbellis:1,snazy:3
blerer,9,CASSANDRA-7813,iamaleksey:1,thobbs:1,jbellis:1,jasobrown:1,snazy:1,slebresne:1,jkrupan:1
thobbs,2,CASSANDRA-7815,thobbs:3,mishail:2
thobbs,2,CASSANDRA-7816,mpenick:3,slebresne:2
,3,CASSANDRA-7817,slebresne:3,dmodha:3
xapharius,4,CASSANDRA-7818,krummas:2,benedict:2,jbellis:1,xapharius:1,yukim:1
benedict,2,CASSANDRA-7819,krummas:2,benedict:5
brandon.williams,4,CASSANDRA-7820,jbellis:5,brandon.williams:9,tjake:1,yukim:1
rspitzer,1,CASSANDRA-7821,rspitzer:2
,3,CASSANDRA-7822,kohlisankalp:1,slebresne:1
,2,CASSANDRA-7823,thobbs:1,blasd:1
mishail,3,CASSANDRA-7824,thobbs:1,slebresne:1,brandon.williams:1,mishail:3
brandon.williams,2,CASSANDRA-7825,naydencho:1,jjordan:1,brandon.williams:2
thobbs,6,CASSANDRA-7826,thobbs:1,jbellis:4,tupshin:3
sixpak32577,1,CASSANDRA-7827,sixpak32577:1
mishail,6,CASSANDRA-7828,peter-librato:1,iamaleksey:2,mishail:5,geagle:2,mshuler:1
,1,CASSANDRA-7829,crack2drop:1,jbellis:1
,1,CASSANDRA-7830,jbellis:1
iamaleksey,3,CASSANDRA-7831,iamaleksey:5,jbellis:2,brandon.williams:1,philipthompson:4
iamaleksey,4,CASSANDRA-7832,iamaleksey:1,slebresne:1,tjake:1
slebresne,3,CASSANDRA-7833,thobbs:1,slebresne:1
thobbs,3,CASSANDRA-7834,iamaleksey:1,thobbs:2,philipthompson:1
,4,CASSANDRA-7835,iamaleksey:3,jbellis:3,rssvihla:4
thobbs,3,CASSANDRA-7836,thobbs:3,yukim:1
bdeggleston,10,CASSANDRA-7837,appodictic:1,jjordan:1,jbellis:4,jasobrown:4,brandon.williams:3,yukim:1,bdeggleston:6
,4,CASSANDRA-7838,kumaramit01:5,JoshuaMcKenzie:2,carlyeks:1,tjake:2
ramsperger,1,CASSANDRA-7839,brandon.williams:1
bdeggleston,5,CASSANDRA-7840,tjake:1,yukim:3,bdeggleston:6
bdeggleston,4,CASSANDRA-7841,yukim:1,bdeggleston:6
bdeggleston,3,CASSANDRA-7842,bdeggleston:1
bdeggleston,7,CASSANDRA-7843,JoshuaMcKenzie:1,iamaleksey:1,rustyrazorblade:1,benedict:3,jbellis:1,brandon.williams:1,yukim:1,bdeggleston:3
,3,CASSANDRA-7844,slebresne:2
,1,CASSANDRA-7845,snazy:2,brandon.williams:2
philipthompson,1,CASSANDRA-7846,yukim:1,philipthompson:1
mishail,2,CASSANDRA-7847,slebresne:2,mishail:1
,2,CASSANDRA-7848,hendrikvh:1
graham.sanderson,5,CASSANDRA-7849,thobbs:4,tupshin:1,brandon.williams:3,mshuler:1,graham:11
,1,CASSANDRA-7850,drew_kutchar:3,jbellis:4
mshuler,2,CASSANDRA-7851,brandon.williams:1,mshuler:1
,5,CASSANDRA-7853,iamaleksey:2,thobbs:2,slebresne:1,mishail:1
,3,CASSANDRA-7854,slebresne:1
blerer,9,CASSANDRA-7855,slebresne:2,tnine:1,jkrupan:2,zznate:1
thobbs,2,CASSANDRA-7856,thobbs:1
slebresne,9,CASSANDRA-7857,iamaleksey:4,rustyrazorblade:1,rstml:1,jbellis:3,tupshin:1,slebresne:6,pmcfadin:1
snazy,2,CASSANDRA-7858,snazy:4,philipthompson:2
,3,CASSANDRA-7860,harisekhon:1,thobbs:1,slebresne:1
,1,CASSANDRA-7861,crack2drop:3,brandon.williams:3
tjake,2,CASSANDRA-7862,benedict:1,tjake:1
thobbs,3,CASSANDRA-7863,iamaleksey:1,thobbs:2
yukim,2,CASSANDRA-7864,krummas:1,yukim:2
snazy,2,CASSANDRA-7865,snazy:2,slebresne:1
,2,CASSANDRA-7866,tecbot:1,snazy:3
,5,CASSANDRA-7868,incubos:1,brandon.williams:1
omichallat,2,CASSANDRA-7869,omichallat:1,slebresne:1
,2,CASSANDRA-7870,iamaleksey:1,sbtourist:4,jbellis:3
dhendry,6,CASSANDRA-7871,krummas:1,jbellis:1
m0nstermind,2,CASSANDRA-7872,m0nstermind:1,benedict:1,jbellis:1
benedict,3,CASSANDRA-7873,benedict:7,jbellis:5,mishail:8,philipthompson:1
snazy,3,CASSANDRA-7874,thobbs:1,snazy:2
mishail,2,CASSANDRA-7876,thobbs:1,mishail:1
,3,CASSANDRA-7877,philipthompson:1
krummas,4,CASSANDRA-7879,krummas:2,slebresne:1,brandon.williams:1
pateljay3001,5,CASSANDRA-7882,pateljay3001:4,benedict:4
pateljay3001,4,CASSANDRA-7883,pateljay3001:5,benedict:4
,2,CASSANDRA-7884,benedict:1
slebresne,3,CASSANDRA-7885,xedin:1,jbellis:1,slebresne:1
,3,CASSANDRA-7886,kohlisankalp:1,slebresne:2,christianmovi:4
,4,CASSANDRA-7888,jbellis:3,snazy:3,slebresne:2
fhsnelson,2,CASSANDRA-7889,sravan_ananthula:1,brandon.williams:2,yukim:1
,5,CASSANDRA-7890,benedict:1,jbellis:1,dhendry:1,coltnz:1
philipthompson,4,CASSANDRA-7891,thobbs:3,brandon.williams:1,pmcfadin:1,philipthompson:9
mishail,2,CASSANDRA-7892,mishail:3,yukim:2
,5,CASSANDRA-7894,iamaleksey:1,weideng:1,vkasar:2
mishail,5,CASSANDRA-7895,jjordan:1,iamaleksey:1,slebresne:1,brandon.williams:1,rhatch:2,mishail:2
,2,CASSANDRA-7896,philipthompson:1
timw,2,CASSANDRA-7898,timw:2
philipthompson,2,CASSANDRA-7900,JoshuaMcKenzie:2
philipthompson,2,CASSANDRA-7901,JoshuaMcKenzie:2,philipthompson:2
,2,CASSANDRA-7903,benedict:1
,8,CASSANDRA-7904,razi.khaja@gmail.com:3,brandon.williams:1,rcoli:1,yukim:3,mshuler:1,baldrick:7
,3,CASSANDRA-7905,ottuzzi:1,philipthompson:1
jlewandowski,4,CASSANDRA-7906,slebresne:1,alexliu68:1
,1,CASSANDRA-7907,JoshuaMcKenzie:3,benedict:2
yukim,3,CASSANDRA-7909,krummas:1
thobbs,4,CASSANDRA-7910,iamaleksey:2,brandon.williams:1,yukim:1
slebresne,5,CASSANDRA-7911,slebresne:4,davecowen:1,brandon.williams:1,Cory:1,jonathan.reynolds@pearson.com:1
borntraeger,1,CASSANDRA-7912,jbellis:1,brandon.williams:1,borntraeger:1
krummas,2,CASSANDRA-7913,krummas:1,jbellis:1
zznate,1,CASSANDRA-7914,zznate:2
,2,CASSANDRA-7915,benedict:2,blambov:1
benedict,2,CASSANDRA-7916,benedict:6,jbellis:1,tjake:4
brandon.williams,0,CASSANDRA-7917,jbellis:1,brandon.williams:2
benedict,1,CASSANDRA-7918,benedict:2,jbellis:1,brandon.williams:1
,5,CASSANDRA-7919,pmaedel:2,benedict:11,jbellis:4,slebresne:2,tjake:2
iamaleksey,2,CASSANDRA-7920,iamaleksey:1
zznate,2,CASSANDRA-7921,iamaleksey:1,zznate:1
snazy,2,CASSANDRA-7924,snazy:4,blerer:1
,1,CASSANDRA-7925,pmaedel:2,jbellis:1
benedict,1,CASSANDRA-7926,benedict:1
jdsumsion,2,CASSANDRA-7927,JoshuaMcKenzie:1,brandon.williams:1,jdsumsion:4
tjake,5,CASSANDRA-7928,kohlisankalp:3,jjordan:1,benedict:4,brandon.williams:2
rstrickland,5,CASSANDRA-7930,iamaleksey:7,thobbs:4,benedict:2,tjake:1,rstrickland:9
,2,CASSANDRA-7931,benedict:1
benedict,1,CASSANDRA-7932,benedict:3,jbellis:1,yukim:1
benedict,3,CASSANDRA-7934,benedict:1,tjake:1
brandon.williams,3,CASSANDRA-7935,thobbs:3,brandon.williams:3
,4,CASSANDRA-7937,benedict:2,jbellis:2,brandon.williams:1,pkolaczk:1
,7,CASSANDRA-7938,benedict:1,tjake:3
brandon.williams,0,CASSANDRA-7939,brandon.williams:4
brandon.williams,1,CASSANDRA-7940,thobbs:1,brandon.williams:3
mshuler,3,CASSANDRA-7941,brandon.williams:1,jared.biel@bolderthinking.com:1,mshuler:1
,2,CASSANDRA-7942,jbellis:1,mstump:1
,3,CASSANDRA-7944,thobbs:1,jbisso:1,mishail:1
benedict,1,CASSANDRA-7945,benedict:3,yukim:2
yukim,2,CASSANDRA-7946,krummas:1,yukim:2
xedin,2,CASSANDRA-7948,iamaleksey:1,xedin:2
,7,CASSANDRA-7949,jjordan:2,benedict:3,ngrigoriev@gmail.com:6,philipthompson:1
,4,CASSANDRA-7951,thobbs:1,jbellis:1,slebresne:1,mfiguiere:2
,2,CASSANDRA-7952,harisekhon:1,nickmbailey:1,brandon.williams:1
,5,CASSANDRA-7953,molsson:2,krummas:1
,3,CASSANDRA-7954,benedict:1,jbellis:1
,1,CASSANDRA-7955,benedict:1,brandon.williams:1
,3,CASSANDRA-7956,ngrigoriev@gmail.com:1,mshuler:1
benedict,2,CASSANDRA-7963,benedict:1
benedict,1,CASSANDRA-7964,benedict:1
,4,CASSANDRA-7965,benedict:1,jbellis:2,arre:1
,4,CASSANDRA-7966,kmueller:1,mshuler:1
aholmber,3,CASSANDRA-7967,iamaleksey:1
brandon.williams,2,CASSANDRA-7968,iamaleksey:4,benedict:5,brandon.williams:2
krummas,4,CASSANDRA-7969,jbellis:1
,2,CASSANDRA-7971,benedict:1
philipthompson,2,CASSANDRA-7972,mishail:2,philipthompson:3
brandon.williams,7,CASSANDRA-7974,krummas:1,benedict:1,brandon.williams:4,tjake:1
brandon.williams,1,CASSANDRA-7977,iamaleksey:1,brandon.williams:1
tjake,4,CASSANDRA-7978,kohlisankalp:2,benedict:1,jasobrown:5,tjake:2
kohlisankalp,2,CASSANDRA-7979,kohlisankalp:1,benedict:1
pateljay3001,2,CASSANDRA-7982,pateljay3001:2,jbellis:2
