,CASSANDRA-3000
,CASSANDRA-3001
,CASSANDRA-3002
,CASSANDRA-3003
,CASSANDRA-3004
,CASSANDRA-3005
,CASSANDRA-3006
,CASSANDRA-3007
,CASSANDRA-3008
,CASSANDRA-3009
,CASSANDRA-3010
,CASSANDRA-3011
,CASSANDRA-3012
,CASSANDRA-3013
,CASSANDRA-3014
,CASSANDRA-3015
,CASSANDRA-3016
,CASSANDRA-3017
,CASSANDRA-3018
,CASSANDRA-3019
,CASSANDRA-3020
,CASSANDRA-3021
,CASSANDRA-3022
,CASSANDRA-3023
,CASSANDRA-3024
,CASSANDRA-3025
,CASSANDRA-3026
,CASSANDRA-3027
,CASSANDRA-3028
,CASSANDRA-3029
,CASSANDRA-3030
,CASSANDRA-3031
,CASSANDRA-3032
,CASSANDRA-3033
,CASSANDRA-3034
,CASSANDRA-3035
,CASSANDRA-3036
,CASSANDRA-3037
,CASSANDRA-3038
,CASSANDRA-3039
,CASSANDRA-3040
,CASSANDRA-3041
,CASSANDRA-3042
,CASSANDRA-3043
,CASSANDRA-3044
,CASSANDRA-3045
,CASSANDRA-3046
,CASSANDRA-3047
,CASSANDRA-3048
,CASSANDRA-3049
,CASSANDRA-3050
,CASSANDRA-3051
,CASSANDRA-3052
,CASSANDRA-3053
,CASSANDRA-3054
,CASSANDRA-3055
,CASSANDRA-3056
,CASSANDRA-3057
,CASSANDRA-3058
,CASSANDRA-3059
,CASSANDRA-3060
,CASSANDRA-3061
,CASSANDRA-3062
,CASSANDRA-3063
,CASSANDRA-3064
,CASSANDRA-3065
,CASSANDRA-3066
,CASSANDRA-3067
,CASSANDRA-3068
,CASSANDRA-3069
,CASSANDRA-3070
,CASSANDRA-3071
,CASSANDRA-3072
,CASSANDRA-3073
,CASSANDRA-3074
,CASSANDRA-3075
,CASSANDRA-3076
,CASSANDRA-3077
,CASSANDRA-3078
,CASSANDRA-3079
,CASSANDRA-3080
,CASSANDRA-3081
,CASSANDRA-3082
,CASSANDRA-3083
,CASSANDRA-3084
,CASSANDRA-3085
,CASSANDRA-3086
,CASSANDRA-3087
,CASSANDRA-3088
,CASSANDRA-3089
,CASSANDRA-3090
,CASSANDRA-3091
,CASSANDRA-3092
,CASSANDRA-3093
,CASSANDRA-3094
,CASSANDRA-3095
,CASSANDRA-3096
,CASSANDRA-3097
,CASSANDRA-3098
,CASSANDRA-3099
,CASSANDRA-3100
,CASSANDRA-3101
,CASSANDRA-3102
,CASSANDRA-3103
,CASSANDRA-3104
,CASSANDRA-3105
,CASSANDRA-3106
,CASSANDRA-3107
,CASSANDRA-3108
,CASSANDRA-3109
,CASSANDRA-3110
,CASSANDRA-3111
,CASSANDRA-3112
,CASSANDRA-3113
,CASSANDRA-3114
,CASSANDRA-3115
,CASSANDRA-3116
,CASSANDRA-3117
,CASSANDRA-3118
,CASSANDRA-3119
,CASSANDRA-3120
,CASSANDRA-3121
,CASSANDRA-3122
,CASSANDRA-3123
,CASSANDRA-3124
,CASSANDRA-3125
,CASSANDRA-3126
,CASSANDRA-3127
,CASSANDRA-3128
,CASSANDRA-3129
,CASSANDRA-3130
,CASSANDRA-3131
,CASSANDRA-3132
,CASSANDRA-3133
,CASSANDRA-3134
,CASSANDRA-3135
,CASSANDRA-3136
,CASSANDRA-3137
,CASSANDRA-3138
,CASSANDRA-3139
,CASSANDRA-3140
,CASSANDRA-3141
,CASSANDRA-3142
,CASSANDRA-3143
,CASSANDRA-3144
,CASSANDRA-3145
,CASSANDRA-3146
,CASSANDRA-3147
,CASSANDRA-3148
,CASSANDRA-3149
,CASSANDRA-3150
,CASSANDRA-3151
,CASSANDRA-3152
,CASSANDRA-3153
,CASSANDRA-3154
,CASSANDRA-3155
,CASSANDRA-3156
,CASSANDRA-3157
,CASSANDRA-3158
,CASSANDRA-3159
,CASSANDRA-3160
,CASSANDRA-3161
,CASSANDRA-3162
,CASSANDRA-3163
,CASSANDRA-3164
,CASSANDRA-3165
,CASSANDRA-3166
,CASSANDRA-3167
,CASSANDRA-3168
,CASSANDRA-3169
,CASSANDRA-3170
,CASSANDRA-3171
,CASSANDRA-3172
,CASSANDRA-3173
,CASSANDRA-3174
,CASSANDRA-3175
,CASSANDRA-3176
,CASSANDRA-3177
,CASSANDRA-3178
,CASSANDRA-3179
,CASSANDRA-3180
,CASSANDRA-3181
,CASSANDRA-3182
,CASSANDRA-3183
,CASSANDRA-3184
,CASSANDRA-3185
,CASSANDRA-3186
,CASSANDRA-3187
,CASSANDRA-3188
,CASSANDRA-3189
,CASSANDRA-3190
,CASSANDRA-3191
,CASSANDRA-3192
,CASSANDRA-3193
,CASSANDRA-3194
,CASSANDRA-3195
,CASSANDRA-3196
,CASSANDRA-3197
,CASSANDRA-3198
,CASSANDRA-3199
,CASSANDRA-3200
,CASSANDRA-3201
,CASSANDRA-3202
,CASSANDRA-3203
,CASSANDRA-3204
,CASSANDRA-3205
,CASSANDRA-3206
,CASSANDRA-3207
,CASSANDRA-3208
,CASSANDRA-3209
,CASSANDRA-3210
,CASSANDRA-3211
,CASSANDRA-3212
,CASSANDRA-3213
,CASSANDRA-3214
,CASSANDRA-3215
,CASSANDRA-3216
,CASSANDRA-3217
,CASSANDRA-3218
,CASSANDRA-3219
,CASSANDRA-3220
,CASSANDRA-3221
,CASSANDRA-3222
,CASSANDRA-3223
,CASSANDRA-3224
,CASSANDRA-3225
,CASSANDRA-3226
,CASSANDRA-3227
,CASSANDRA-3228
,CASSANDRA-3229
,CASSANDRA-3230
,CASSANDRA-3231
,CASSANDRA-3232
,CASSANDRA-3233
,CASSANDRA-3234
,CASSANDRA-3235
,CASSANDRA-3236
,CASSANDRA-3237
,CASSANDRA-3238
,CASSANDRA-3239
,CASSANDRA-3240
,CASSANDRA-3241
,CASSANDRA-3242
,CASSANDRA-3243
,CASSANDRA-3244
,CASSANDRA-3245
,CASSANDRA-3246
,CASSANDRA-3247
,CASSANDRA-3248
,CASSANDRA-3249
,CASSANDRA-3250
,CASSANDRA-3251
,CASSANDRA-3252
,CASSANDRA-3253
,CASSANDRA-3254
,CASSANDRA-3255
,CASSANDRA-3256
,CASSANDRA-3257
,CASSANDRA-3258
,CASSANDRA-3259
,CASSANDRA-3260
,CASSANDRA-3261
,CASSANDRA-3262
,CASSANDRA-3263
,CASSANDRA-3264
,CASSANDRA-3265
,CASSANDRA-3266
,CASSANDRA-3267
,CASSANDRA-3268
,CASSANDRA-3269
,CASSANDRA-3270
,CASSANDRA-3271
,CASSANDRA-3272
,CASSANDRA-3273
,CASSANDRA-3274
,CASSANDRA-3275
,CASSANDRA-3276
,CASSANDRA-3277
,CASSANDRA-3278
,CASSANDRA-3279
,CASSANDRA-3280
,CASSANDRA-3281
,CASSANDRA-3282
,CASSANDRA-3283
,CASSANDRA-3284
,CASSANDRA-3285
,CASSANDRA-3286
,CASSANDRA-3287
,CASSANDRA-3288
,CASSANDRA-3289
,CASSANDRA-3290
,CASSANDRA-3291
,CASSANDRA-3292
,CASSANDRA-3293
,CASSANDRA-3294
,CASSANDRA-3295
,CASSANDRA-3296
,CASSANDRA-3297
,CASSANDRA-3298
,CASSANDRA-3299
,CASSANDRA-3300
,CASSANDRA-3301
,CASSANDRA-3302
,CASSANDRA-3303
,CASSANDRA-3304
,CASSANDRA-3305
,CASSANDRA-3306
,CASSANDRA-3307
,CASSANDRA-3308
,CASSANDRA-3309
,CASSANDRA-3310
,CASSANDRA-3311
,CASSANDRA-3312
,CASSANDRA-3313
,CASSANDRA-3314
,CASSANDRA-3315
,CASSANDRA-3316
,CASSANDRA-3317
,CASSANDRA-3318
,CASSANDRA-3319
,CASSANDRA-3320
,CASSANDRA-3321
,CASSANDRA-3322
,CASSANDRA-3323
,CASSANDRA-3324
,CASSANDRA-3325
,CASSANDRA-3326
,CASSANDRA-3327
,CASSANDRA-3328
,CASSANDRA-3329
,CASSANDRA-3330
,CASSANDRA-3331
,CASSANDRA-3332
,CASSANDRA-3333
,CASSANDRA-3334
,CASSANDRA-3335
,CASSANDRA-3336
,CASSANDRA-3337
,CASSANDRA-3338
,CASSANDRA-3339
,CASSANDRA-3340
,CASSANDRA-3341
,CASSANDRA-3342
,CASSANDRA-3343
,CASSANDRA-3344
,CASSANDRA-3345
,CASSANDRA-3346
,CASSANDRA-3347
,CASSANDRA-3348
,CASSANDRA-3349
,CASSANDRA-3350
,CASSANDRA-3351
,CASSANDRA-3352
,CASSANDRA-3353
,CASSANDRA-3354
,CASSANDRA-3355
,CASSANDRA-3356
,CASSANDRA-3357
,CASSANDRA-3358
,CASSANDRA-3359
,CASSANDRA-3360
,CASSANDRA-3361
,CASSANDRA-3362
,CASSANDRA-3363
,CASSANDRA-3364
,CASSANDRA-3365
,CASSANDRA-3366
,CASSANDRA-3367
,CASSANDRA-3368
,CASSANDRA-3369
,CASSANDRA-3370
,CASSANDRA-3371
,CASSANDRA-3372
,CASSANDRA-3373
,CASSANDRA-3374
,CASSANDRA-3375
,CASSANDRA-3376
,CASSANDRA-3377
,CASSANDRA-3378
,CASSANDRA-3379
,CASSANDRA-3380
,CASSANDRA-3381
,CASSANDRA-3382
,CASSANDRA-3383
,CASSANDRA-3384
,CASSANDRA-3385
,CASSANDRA-3386
,CASSANDRA-3387
,CASSANDRA-3388
,CASSANDRA-3389
,CASSANDRA-3390
,CASSANDRA-3391
,CASSANDRA-3392
,CASSANDRA-3393
,CASSANDRA-3394
,CASSANDRA-3395
,CASSANDRA-3396
,CASSANDRA-3397
,CASSANDRA-3398
,CASSANDRA-3399
,CASSANDRA-3400
,CASSANDRA-3401
,CASSANDRA-3402
,CASSANDRA-3403
,CASSANDRA-3404
,CASSANDRA-3405
,CASSANDRA-3406
,CASSANDRA-3407
,CASSANDRA-3408
,CASSANDRA-3409
,CASSANDRA-3410
,CASSANDRA-3411
,CASSANDRA-3412
,CASSANDRA-3413
,CASSANDRA-3414
,CASSANDRA-3415
,CASSANDRA-3416
,CASSANDRA-3417
,CASSANDRA-3418
,CASSANDRA-3419
,CASSANDRA-3420
,CASSANDRA-3421
,CASSANDRA-3422
,CASSANDRA-3423
,CASSANDRA-3424
,CASSANDRA-3425
,CASSANDRA-3426
,CASSANDRA-3427
,CASSANDRA-3428
,CASSANDRA-3429
,CASSANDRA-3430
,CASSANDRA-3431
,CASSANDRA-3432
,CASSANDRA-3433
,CASSANDRA-3434
,CASSANDRA-3435
,CASSANDRA-3436
,CASSANDRA-3437
,CASSANDRA-3438
,CASSANDRA-3439
,CASSANDRA-3440
,CASSANDRA-3441
,CASSANDRA-3442
,CASSANDRA-3443
,CASSANDRA-3444
,CASSANDRA-3445
,CASSANDRA-3446
,CASSANDRA-3447
,CASSANDRA-3448
,CASSANDRA-3449
,CASSANDRA-3450
,CASSANDRA-3451
,CASSANDRA-3452
,CASSANDRA-3453
,CASSANDRA-3454
,CASSANDRA-3455
,CASSANDRA-3456
,CASSANDRA-3457
,CASSANDRA-3458
,CASSANDRA-3459
,CASSANDRA-3460
,CASSANDRA-3461
,CASSANDRA-3462
,CASSANDRA-3463
,CASSANDRA-3464
,CASSANDRA-3465
,CASSANDRA-3466
,CASSANDRA-3467
,CASSANDRA-3468
,CASSANDRA-3469
,CASSANDRA-3470
,CASSANDRA-3471
,CASSANDRA-3472
,CASSANDRA-3473
,CASSANDRA-3474
,CASSANDRA-3475
,CASSANDRA-3476
,CASSANDRA-3477
,CASSANDRA-3478
,CASSANDRA-3479
,CASSANDRA-3480
,CASSANDRA-3481
,CASSANDRA-3482
,CASSANDRA-3483
,CASSANDRA-3484
,CASSANDRA-3485
,CASSANDRA-3486,jasobrown:1,rcoli:1,yukim:1
,CASSANDRA-3487
,CASSANDRA-3488
,CASSANDRA-3489
,CASSANDRA-3490
,CASSANDRA-3491
,CASSANDRA-3492
,CASSANDRA-3493
,CASSANDRA-3494
,CASSANDRA-3495
,CASSANDRA-3496
,CASSANDRA-3497
,CASSANDRA-3498
,CASSANDRA-3499
,CASSANDRA-3500
,CASSANDRA-3501
,CASSANDRA-3502
,CASSANDRA-3503
,CASSANDRA-3504
,CASSANDRA-3505
,CASSANDRA-3506
,CASSANDRA-3507
,CASSANDRA-3508
,CASSANDRA-3509
,CASSANDRA-3510
,CASSANDRA-3511
,CASSANDRA-3512
,CASSANDRA-3513
,CASSANDRA-3514
,CASSANDRA-3515
,CASSANDRA-3516
,CASSANDRA-3517
,CASSANDRA-3518
,CASSANDRA-3519
,CASSANDRA-3520
,CASSANDRA-3521
,CASSANDRA-3522
,CASSANDRA-3523
,CASSANDRA-3524
,CASSANDRA-3525
,CASSANDRA-3526
,CASSANDRA-3527
,CASSANDRA-3528
,CASSANDRA-3529
,CASSANDRA-3530
,CASSANDRA-3531
,CASSANDRA-3532
,CASSANDRA-3533
,CASSANDRA-3534
,CASSANDRA-3535
,CASSANDRA-3536
,CASSANDRA-3537
,CASSANDRA-3538
,CASSANDRA-3539
,CASSANDRA-3540
,CASSANDRA-3541
,CASSANDRA-3542
,CASSANDRA-3543
,CASSANDRA-3544
,CASSANDRA-3545
,CASSANDRA-3546
,CASSANDRA-3547
,CASSANDRA-3548
,CASSANDRA-3549
,CASSANDRA-3550
,CASSANDRA-3551
,CASSANDRA-3552
,CASSANDRA-3553
,CASSANDRA-3554
,CASSANDRA-3555
,CASSANDRA-3556
,CASSANDRA-3557
,CASSANDRA-3558
,CASSANDRA-3559
,CASSANDRA-3560
,CASSANDRA-3561
,CASSANDRA-3562
,CASSANDRA-3563
,CASSANDRA-3564
,CASSANDRA-3565
,CASSANDRA-3566
,CASSANDRA-3567
,CASSANDRA-3568
,CASSANDRA-3569,krummas:2
,CASSANDRA-3570
,CASSANDRA-3571
,CASSANDRA-3572
,CASSANDRA-3573
,CASSANDRA-3574
,CASSANDRA-3575
,CASSANDRA-3576
,CASSANDRA-3577
,CASSANDRA-3578
,CASSANDRA-3579
,CASSANDRA-3580
,CASSANDRA-3581
,CASSANDRA-3582
,CASSANDRA-3583
,CASSANDRA-3584
,CASSANDRA-3585
,CASSANDRA-3586
,CASSANDRA-3587
,CASSANDRA-3588
,CASSANDRA-3589
,CASSANDRA-3590
,CASSANDRA-3591
,CASSANDRA-3592
,CASSANDRA-3593
,CASSANDRA-3594
,CASSANDRA-3595
,CASSANDRA-3596
,CASSANDRA-3597
,CASSANDRA-3598
,CASSANDRA-3599
,CASSANDRA-3600
,CASSANDRA-3601
,CASSANDRA-3602
,CASSANDRA-3603
,CASSANDRA-3604
,CASSANDRA-3605
,CASSANDRA-3606
,CASSANDRA-3607
,CASSANDRA-3608
,CASSANDRA-3609
,CASSANDRA-3610
,CASSANDRA-3611
,CASSANDRA-3612
,CASSANDRA-3613,rbranson:1
,CASSANDRA-3614
,CASSANDRA-3615
,CASSANDRA-3616
,CASSANDRA-3617
,CASSANDRA-3618
,CASSANDRA-3619
,CASSANDRA-3620
,CASSANDRA-3621
,CASSANDRA-3622
,CASSANDRA-3623
,CASSANDRA-3624
,CASSANDRA-3625
,CASSANDRA-3626
,CASSANDRA-3627
,CASSANDRA-3628
,CASSANDRA-3629
,CASSANDRA-3630
,CASSANDRA-3631
,CASSANDRA-3632
,CASSANDRA-3633
,CASSANDRA-3634
,CASSANDRA-3635
,CASSANDRA-3636
,CASSANDRA-3637
,CASSANDRA-3638
,CASSANDRA-3639
,CASSANDRA-3640
,CASSANDRA-3641
,CASSANDRA-3642
,CASSANDRA-3643
,CASSANDRA-3644
,CASSANDRA-3645
,CASSANDRA-3646
,CASSANDRA-3647
,CASSANDRA-3648
,CASSANDRA-3649
,CASSANDRA-3650
,CASSANDRA-3651
,CASSANDRA-3652
,CASSANDRA-3653
,CASSANDRA-3654
,CASSANDRA-3655
,CASSANDRA-3656
,CASSANDRA-3657
,CASSANDRA-3658
,CASSANDRA-3659
,CASSANDRA-3660
,CASSANDRA-3661
,CASSANDRA-3662
,CASSANDRA-3663
,CASSANDRA-3664
,CASSANDRA-3665
,CASSANDRA-3666
,CASSANDRA-3667
,CASSANDRA-3668,yukim:1
,CASSANDRA-3669
,CASSANDRA-3670
,CASSANDRA-3671
,CASSANDRA-3672
,CASSANDRA-3673
,CASSANDRA-3674
,CASSANDRA-3675
,CASSANDRA-3676
,CASSANDRA-3677
,CASSANDRA-3678
,CASSANDRA-3679
,CASSANDRA-3680
,CASSANDRA-3681
,CASSANDRA-3682
,CASSANDRA-3683
,CASSANDRA-3684
,CASSANDRA-3685
,CASSANDRA-3686
,CASSANDRA-3687
,CASSANDRA-3688
,CASSANDRA-3689
,CASSANDRA-3690
,CASSANDRA-3691
,CASSANDRA-3692
,CASSANDRA-3693
,CASSANDRA-3694
,CASSANDRA-3695
,CASSANDRA-3696
,CASSANDRA-3697
,CASSANDRA-3698
,CASSANDRA-3699
,CASSANDRA-3700
,CASSANDRA-3701
,CASSANDRA-3702
,CASSANDRA-3703
,CASSANDRA-3704
,CASSANDRA-3705
,CASSANDRA-3706
,CASSANDRA-3707
,CASSANDRA-3708
,CASSANDRA-3709
,CASSANDRA-3710
,CASSANDRA-3711
,CASSANDRA-3712
,CASSANDRA-3713
,CASSANDRA-3714
,CASSANDRA-3715
,CASSANDRA-3716
,CASSANDRA-3717
,CASSANDRA-3718
,CASSANDRA-3719
,CASSANDRA-3720
,CASSANDRA-3721
,CASSANDRA-3722
,CASSANDRA-3723
,CASSANDRA-3724
,CASSANDRA-3725
,CASSANDRA-3726
,CASSANDRA-3727
,CASSANDRA-3728
,CASSANDRA-3729
,CASSANDRA-3730
,CASSANDRA-3731
,CASSANDRA-3732
,CASSANDRA-3733
,CASSANDRA-3734
,CASSANDRA-3735
,CASSANDRA-3736
,CASSANDRA-3737
,CASSANDRA-3738
,CASSANDRA-3739
,CASSANDRA-3740
,CASSANDRA-3741
,CASSANDRA-3742
,CASSANDRA-3743
,CASSANDRA-3744
,CASSANDRA-3745
,CASSANDRA-3746
,CASSANDRA-3747
,CASSANDRA-3748
,CASSANDRA-3749
,CASSANDRA-3750
,CASSANDRA-3751
,CASSANDRA-3752
,CASSANDRA-3753
,CASSANDRA-3754
,CASSANDRA-3755
,CASSANDRA-3756
,CASSANDRA-3757
,CASSANDRA-3758
,CASSANDRA-3759
,CASSANDRA-3760
,CASSANDRA-3761
,CASSANDRA-3762
,CASSANDRA-3763
,CASSANDRA-3764
,CASSANDRA-3765
,CASSANDRA-3766
,CASSANDRA-3767
,CASSANDRA-3768
,CASSANDRA-3769
,CASSANDRA-3770
,CASSANDRA-3771
,CASSANDRA-3772
,CASSANDRA-3773
,CASSANDRA-3774
,CASSANDRA-3775
,CASSANDRA-3776
,CASSANDRA-3777
,CASSANDRA-3778
,CASSANDRA-3779
,CASSANDRA-3780
,CASSANDRA-3781
,CASSANDRA-3782
,CASSANDRA-3783
,CASSANDRA-3784
,CASSANDRA-3785
,CASSANDRA-3786
,CASSANDRA-3787
,CASSANDRA-3788
,CASSANDRA-3789
,CASSANDRA-3790
,CASSANDRA-3791
,CASSANDRA-3792
,CASSANDRA-3793
,CASSANDRA-3794
,CASSANDRA-3795
,CASSANDRA-3796
,CASSANDRA-3797
,CASSANDRA-3798
,CASSANDRA-3799
,CASSANDRA-3800
,CASSANDRA-3801
,CASSANDRA-3802
,CASSANDRA-3803
,CASSANDRA-3804
,CASSANDRA-3805
,CASSANDRA-3806
,CASSANDRA-3807
,CASSANDRA-3808
,CASSANDRA-3809
,CASSANDRA-3810
,CASSANDRA-3811
,CASSANDRA-3812
,CASSANDRA-3813
,CASSANDRA-3814
,CASSANDRA-3815
,CASSANDRA-3816
,CASSANDRA-3817
,CASSANDRA-3818
,CASSANDRA-3819
,CASSANDRA-3820
,CASSANDRA-3821
,CASSANDRA-3822
,CASSANDRA-3823
,CASSANDRA-3824
,CASSANDRA-3825
,CASSANDRA-3826
,CASSANDRA-3827
,CASSANDRA-3828
,CASSANDRA-3829
,CASSANDRA-3830
,CASSANDRA-3831
,CASSANDRA-3832
,CASSANDRA-3833
,CASSANDRA-3834
,CASSANDRA-3835
,CASSANDRA-3836
,CASSANDRA-3837
,CASSANDRA-3838
,CASSANDRA-3839
,CASSANDRA-3840
,CASSANDRA-3841
,CASSANDRA-3842
,CASSANDRA-3843
,CASSANDRA-3844
,CASSANDRA-3845
,CASSANDRA-3846
,CASSANDRA-3847
,CASSANDRA-3848
,CASSANDRA-3849
,CASSANDRA-3850
,CASSANDRA-3851
,CASSANDRA-3852,benedict:1
,CASSANDRA-3853
,CASSANDRA-3854
,CASSANDRA-3855
,CASSANDRA-3856
,CASSANDRA-3857
,CASSANDRA-3858
,CASSANDRA-3859
,CASSANDRA-3860
,CASSANDRA-3861
,CASSANDRA-3862
,CASSANDRA-3863
,CASSANDRA-3864
,CASSANDRA-3865
,CASSANDRA-3866
,CASSANDRA-3867
,CASSANDRA-3868
,CASSANDRA-3869
,CASSANDRA-3870
,CASSANDRA-3871
,CASSANDRA-3872
,CASSANDRA-3873
,CASSANDRA-3874
,CASSANDRA-3875
,CASSANDRA-3876
,CASSANDRA-3877
,CASSANDRA-3878
,CASSANDRA-3879
,CASSANDRA-3880
,CASSANDRA-3881
,CASSANDRA-3882
,CASSANDRA-3883
,CASSANDRA-3884
,CASSANDRA-3885
,CASSANDRA-3886
,CASSANDRA-3887
,CASSANDRA-3888
,CASSANDRA-3889
,CASSANDRA-3890
,CASSANDRA-3891
,CASSANDRA-3892
,CASSANDRA-3893
,CASSANDRA-3894
,CASSANDRA-3895
,CASSANDRA-3896
,CASSANDRA-3897
,CASSANDRA-3898
,CASSANDRA-3899
,CASSANDRA-3900
,CASSANDRA-3901
,CASSANDRA-3902
,CASSANDRA-3903
,CASSANDRA-3904
,CASSANDRA-3905
,CASSANDRA-3906
,CASSANDRA-3907
,CASSANDRA-3908
,CASSANDRA-3909
,CASSANDRA-3910
,CASSANDRA-3911
,CASSANDRA-3912
,CASSANDRA-3913
,CASSANDRA-3914
,CASSANDRA-3915
,CASSANDRA-3916
,CASSANDRA-3917
,CASSANDRA-3918
,CASSANDRA-3919
,CASSANDRA-3920
,CASSANDRA-3921
,CASSANDRA-3922
,CASSANDRA-3923
,CASSANDRA-3924
,CASSANDRA-3925
,CASSANDRA-3926
,CASSANDRA-3927
,CASSANDRA-3928
,CASSANDRA-3929
,CASSANDRA-3930
,CASSANDRA-3931
,CASSANDRA-3932
,CASSANDRA-3933
,CASSANDRA-3934
,CASSANDRA-3935
,CASSANDRA-3936
,CASSANDRA-3937
,CASSANDRA-3938
,CASSANDRA-3939
,CASSANDRA-3940
,CASSANDRA-3941
,CASSANDRA-3942
,CASSANDRA-3943
,CASSANDRA-3944
,CASSANDRA-3945
,CASSANDRA-3946
,CASSANDRA-3947
,CASSANDRA-3948
,CASSANDRA-3949
,CASSANDRA-3950
,CASSANDRA-3951
,CASSANDRA-3952
,CASSANDRA-3953
,CASSANDRA-3954
,CASSANDRA-3955
,CASSANDRA-3956
,CASSANDRA-3957
,CASSANDRA-3958
,CASSANDRA-3959
,CASSANDRA-3960
,CASSANDRA-3961
,CASSANDRA-3962
,CASSANDRA-3963
,CASSANDRA-3964
,CASSANDRA-3965
,CASSANDRA-3966
,CASSANDRA-3967
,CASSANDRA-3968
,CASSANDRA-3969
,CASSANDRA-3970
,CASSANDRA-3971
,CASSANDRA-3972
,CASSANDRA-3973
,CASSANDRA-3974
,CASSANDRA-3975
,CASSANDRA-3976
,CASSANDRA-3977
,CASSANDRA-3978
,CASSANDRA-3979
,CASSANDRA-3980
,CASSANDRA-3981
,CASSANDRA-3982
,CASSANDRA-3983
,CASSANDRA-3984
,CASSANDRA-3985
,CASSANDRA-3986
,CASSANDRA-3987
,CASSANDRA-3988
,CASSANDRA-3989
,CASSANDRA-3990
,CASSANDRA-3991
,CASSANDRA-3992
,CASSANDRA-3993
,CASSANDRA-3994
,CASSANDRA-3995
,CASSANDRA-3996
,CASSANDRA-3997
,CASSANDRA-3998
,CASSANDRA-3999
,CASSANDRA-4000
,CASSANDRA-4001
,CASSANDRA-4002
,CASSANDRA-4003
,CASSANDRA-4004
,CASSANDRA-4005
,CASSANDRA-4006
,CASSANDRA-4007
,CASSANDRA-4008
,CASSANDRA-4009
,CASSANDRA-4010
,CASSANDRA-4011
,CASSANDRA-4012
,CASSANDRA-4013
,CASSANDRA-4014
,CASSANDRA-4015
,CASSANDRA-4016
,CASSANDRA-4017
,CASSANDRA-4018
,CASSANDRA-4019
,CASSANDRA-4020
,CASSANDRA-4021
,CASSANDRA-4022
,CASSANDRA-4023
,CASSANDRA-4024
,CASSANDRA-4025
,CASSANDRA-4026,ramsperger:1,brandon.williams:1
,CASSANDRA-4027
,CASSANDRA-4028
,CASSANDRA-4029
,CASSANDRA-4030
,CASSANDRA-4031
,CASSANDRA-4032
,CASSANDRA-4033
,CASSANDRA-4034
,CASSANDRA-4035
,CASSANDRA-4036
,CASSANDRA-4037
,CASSANDRA-4038
,CASSANDRA-4039
,CASSANDRA-4040
,CASSANDRA-4041
,CASSANDRA-4042
,CASSANDRA-4043
,CASSANDRA-4044
,CASSANDRA-4045
,CASSANDRA-4046
,CASSANDRA-4047
,CASSANDRA-4048
,CASSANDRA-4049
,CASSANDRA-4050,benedict:1
,CASSANDRA-4051
,CASSANDRA-4052
,CASSANDRA-4053
,CASSANDRA-4054
,CASSANDRA-4055
,CASSANDRA-4056
,CASSANDRA-4057
,CASSANDRA-4058
,CASSANDRA-4059
,CASSANDRA-4060
,CASSANDRA-4061
,CASSANDRA-4062
,CASSANDRA-4063
,CASSANDRA-4064
,CASSANDRA-4065
,CASSANDRA-4066
,CASSANDRA-4067
,CASSANDRA-4068
,CASSANDRA-4069
,CASSANDRA-4070
,CASSANDRA-4071
,CASSANDRA-4072
,CASSANDRA-4073
,CASSANDRA-4074
,CASSANDRA-4075
,CASSANDRA-4076
,CASSANDRA-4077
,CASSANDRA-4078
,CASSANDRA-4079
,CASSANDRA-4080
,CASSANDRA-4081
,CASSANDRA-4082
,CASSANDRA-4083
,CASSANDRA-4084
,CASSANDRA-4085
,CASSANDRA-4086
,CASSANDRA-4087
,CASSANDRA-4088
,CASSANDRA-4089
,CASSANDRA-4090
,CASSANDRA-4091
,CASSANDRA-4092
,CASSANDRA-4093
,CASSANDRA-4094
,CASSANDRA-4095
,CASSANDRA-4096
,CASSANDRA-4097
,CASSANDRA-4098
,CASSANDRA-4099
,CASSANDRA-4100
,CASSANDRA-4101
,CASSANDRA-4102
,CASSANDRA-4103
,CASSANDRA-4104
,CASSANDRA-4105
,CASSANDRA-4106
,CASSANDRA-4107
,CASSANDRA-4108
,CASSANDRA-4109
,CASSANDRA-4110
,CASSANDRA-4111
,CASSANDRA-4112
,CASSANDRA-4113
,CASSANDRA-4114
,CASSANDRA-4115
,CASSANDRA-4116
,CASSANDRA-4117
,CASSANDRA-4118
,CASSANDRA-4119
,CASSANDRA-4120
,CASSANDRA-4121
,CASSANDRA-4122
,CASSANDRA-4123
,CASSANDRA-4124
,CASSANDRA-4125
,CASSANDRA-4126
,CASSANDRA-4127
,CASSANDRA-4128
,CASSANDRA-4129
,CASSANDRA-4130
,CASSANDRA-4131
,CASSANDRA-4132
,CASSANDRA-4133
,CASSANDRA-4134
,CASSANDRA-4135
,CASSANDRA-4136
,CASSANDRA-4137
,CASSANDRA-4138
,CASSANDRA-4139
,CASSANDRA-4140
,CASSANDRA-4141
,CASSANDRA-4142
,CASSANDRA-4143
,CASSANDRA-4144
,CASSANDRA-4145
,CASSANDRA-4146
,CASSANDRA-4147
,CASSANDRA-4148
,CASSANDRA-4149
,CASSANDRA-4150
,CASSANDRA-4151
,CASSANDRA-4152
,CASSANDRA-4153
,CASSANDRA-4154
,CASSANDRA-4155
,CASSANDRA-4156
,CASSANDRA-4157
,CASSANDRA-4158
,CASSANDRA-4159
,CASSANDRA-4160
,CASSANDRA-4161
,CASSANDRA-4162
,CASSANDRA-4163
,CASSANDRA-4164
,CASSANDRA-4165,krummas:1
,CASSANDRA-4166
,CASSANDRA-4167
,CASSANDRA-4168
,CASSANDRA-4169
,CASSANDRA-4170
,CASSANDRA-4171
,CASSANDRA-4172
,CASSANDRA-4173
,CASSANDRA-4174
,CASSANDRA-4175
,CASSANDRA-4176
,CASSANDRA-4177
,CASSANDRA-4178
,CASSANDRA-4179
,CASSANDRA-4180
,CASSANDRA-4181
,CASSANDRA-4182
,CASSANDRA-4183
,CASSANDRA-4184
,CASSANDRA-4185
,CASSANDRA-4186
,CASSANDRA-4187
,CASSANDRA-4188
,CASSANDRA-4189
,CASSANDRA-4190
,CASSANDRA-4191
,CASSANDRA-4192
,CASSANDRA-4193
,CASSANDRA-4194
,CASSANDRA-4195
,CASSANDRA-4196
,CASSANDRA-4197
,CASSANDRA-4198
,CASSANDRA-4199
,CASSANDRA-4200
,CASSANDRA-4201
,CASSANDRA-4202
,CASSANDRA-4203
,CASSANDRA-4204
,CASSANDRA-4205
,CASSANDRA-4206
,CASSANDRA-4207
,CASSANDRA-4208
,CASSANDRA-4209
,CASSANDRA-4210
,CASSANDRA-4211
,CASSANDRA-4212
,CASSANDRA-4213
,CASSANDRA-4214
,CASSANDRA-4215
,CASSANDRA-4216
,CASSANDRA-4217
,CASSANDRA-4218
,CASSANDRA-4219
,CASSANDRA-4220
,CASSANDRA-4221
,CASSANDRA-4222
,CASSANDRA-4223
,CASSANDRA-4224
,CASSANDRA-4225
,CASSANDRA-4226
,CASSANDRA-4227
,CASSANDRA-4228
,CASSANDRA-4229
,CASSANDRA-4230
,CASSANDRA-4231
,CASSANDRA-4232
,CASSANDRA-4233
,CASSANDRA-4234
,CASSANDRA-4235
,CASSANDRA-4236
,CASSANDRA-4237
,CASSANDRA-4238
,CASSANDRA-4239
,CASSANDRA-4240
,CASSANDRA-4241
,CASSANDRA-4242
,CASSANDRA-4243
,CASSANDRA-4244
,CASSANDRA-4245
,CASSANDRA-4246
,CASSANDRA-4247
,CASSANDRA-4248
,CASSANDRA-4249
,CASSANDRA-4250
,CASSANDRA-4251
,CASSANDRA-4252
,CASSANDRA-4253
,CASSANDRA-4254
,CASSANDRA-4255
,CASSANDRA-4256
,CASSANDRA-4257
,CASSANDRA-4258
,CASSANDRA-4259
,CASSANDRA-4260
,CASSANDRA-4261
,CASSANDRA-4262
,CASSANDRA-4263
,CASSANDRA-4264
,CASSANDRA-4265
,CASSANDRA-4266
,CASSANDRA-4267
,CASSANDRA-4268
,CASSANDRA-4269
,CASSANDRA-4270
,CASSANDRA-4271
,CASSANDRA-4272
,CASSANDRA-4273
,CASSANDRA-4274
,CASSANDRA-4275
,CASSANDRA-4276
,CASSANDRA-4277
,CASSANDRA-4278
,CASSANDRA-4279
,CASSANDRA-4280
,CASSANDRA-4281
,CASSANDRA-4282
,CASSANDRA-4283
,CASSANDRA-4284
,CASSANDRA-4285
,CASSANDRA-4286
,CASSANDRA-4287
,CASSANDRA-4288
,CASSANDRA-4289
,CASSANDRA-4290
,CASSANDRA-4291
,CASSANDRA-4292
,CASSANDRA-4293
,CASSANDRA-4294
,CASSANDRA-4295
,CASSANDRA-4296
,CASSANDRA-4297
,CASSANDRA-4298
,CASSANDRA-4299
,CASSANDRA-4300
,CASSANDRA-4301
,CASSANDRA-4302
,CASSANDRA-4303
,CASSANDRA-4304
,CASSANDRA-4305
,CASSANDRA-4306
,CASSANDRA-4307
,CASSANDRA-4308
,CASSANDRA-4309
,CASSANDRA-4310
,CASSANDRA-4311
,CASSANDRA-4312
,CASSANDRA-4313
,CASSANDRA-4314
,CASSANDRA-4315
,CASSANDRA-4316
,CASSANDRA-4317
,CASSANDRA-4318
,CASSANDRA-4319
,CASSANDRA-4320
,CASSANDRA-4321
,CASSANDRA-4322
,CASSANDRA-4323
,CASSANDRA-4324
,CASSANDRA-4325
,CASSANDRA-4326
,CASSANDRA-4327
,CASSANDRA-4328
,CASSANDRA-4329
,CASSANDRA-4330
,CASSANDRA-4331
,CASSANDRA-4332
,CASSANDRA-4333
,CASSANDRA-4334
,CASSANDRA-4335
,CASSANDRA-4336
,CASSANDRA-4337
,CASSANDRA-4338
,CASSANDRA-4339
,CASSANDRA-4340
,CASSANDRA-4341
,CASSANDRA-4342
,CASSANDRA-4343
,CASSANDRA-4344
,CASSANDRA-4345
,CASSANDRA-4346
,CASSANDRA-4347
,CASSANDRA-4348
,CASSANDRA-4349
,CASSANDRA-4350
,CASSANDRA-4351
,CASSANDRA-4352
,CASSANDRA-4353
,CASSANDRA-4354
,CASSANDRA-4355
,CASSANDRA-4356
,CASSANDRA-4357
,CASSANDRA-4358
,CASSANDRA-4359
,CASSANDRA-4360
,CASSANDRA-4361
,CASSANDRA-4362
,CASSANDRA-4363
,CASSANDRA-4364
,CASSANDRA-4365
,CASSANDRA-4366
,CASSANDRA-4367
,CASSANDRA-4368
,CASSANDRA-4369
,CASSANDRA-4370
,CASSANDRA-4371
,CASSANDRA-4372
,CASSANDRA-4373
,CASSANDRA-4374
,CASSANDRA-4375
,CASSANDRA-4376
,CASSANDRA-4377
,CASSANDRA-4378
,CASSANDRA-4379
,CASSANDRA-4380
,CASSANDRA-4381
,CASSANDRA-4382
,CASSANDRA-4383
,CASSANDRA-4384
,CASSANDRA-4385
,CASSANDRA-4386
,CASSANDRA-4387
,CASSANDRA-4388
,CASSANDRA-4389
,CASSANDRA-4390
,CASSANDRA-4391
,CASSANDRA-4392
,CASSANDRA-4393
,CASSANDRA-4394
,CASSANDRA-4395
,CASSANDRA-4396
,CASSANDRA-4397
,CASSANDRA-4398
,CASSANDRA-4399
,CASSANDRA-4400
,CASSANDRA-4401
,CASSANDRA-4402
,CASSANDRA-4403
,CASSANDRA-4404
,CASSANDRA-4405
,CASSANDRA-4406
,CASSANDRA-4407
,CASSANDRA-4408
,CASSANDRA-4409
,CASSANDRA-4410
,CASSANDRA-4411
,CASSANDRA-4412
,CASSANDRA-4413
,CASSANDRA-4414
,CASSANDRA-4415,slebresne:1
,CASSANDRA-4416
,CASSANDRA-4417
,CASSANDRA-4418
,CASSANDRA-4419
,CASSANDRA-4420
,CASSANDRA-4421
,CASSANDRA-4422
,CASSANDRA-4423
,CASSANDRA-4424
,CASSANDRA-4425
,CASSANDRA-4426
,CASSANDRA-4427
,CASSANDRA-4428
,CASSANDRA-4429
,CASSANDRA-4430
,CASSANDRA-4431
,CASSANDRA-4432
,CASSANDRA-4433
,CASSANDRA-4434
,CASSANDRA-4435
,CASSANDRA-4436
,CASSANDRA-4437
,CASSANDRA-4438
,CASSANDRA-4439
,CASSANDRA-4440
,CASSANDRA-4441
,CASSANDRA-4442
,CASSANDRA-4443
,CASSANDRA-4444
,CASSANDRA-4445
,CASSANDRA-4446
,CASSANDRA-4447
,CASSANDRA-4448
,CASSANDRA-4449
,CASSANDRA-4450
,CASSANDRA-4451
,CASSANDRA-4452
,CASSANDRA-4453
,CASSANDRA-4454
,CASSANDRA-4455
,CASSANDRA-4456
,CASSANDRA-4457
,CASSANDRA-4458
,CASSANDRA-4459
,CASSANDRA-4460
,CASSANDRA-4461
,CASSANDRA-4462
,CASSANDRA-4463
,CASSANDRA-4464
,CASSANDRA-4465
,CASSANDRA-4466
,CASSANDRA-4467
,CASSANDRA-4468
,CASSANDRA-4469
,CASSANDRA-4470
,CASSANDRA-4471
,CASSANDRA-4472
,CASSANDRA-4473
,CASSANDRA-4474
,CASSANDRA-4475
,CASSANDRA-4476
,CASSANDRA-4477
,CASSANDRA-4478
,CASSANDRA-4479
,CASSANDRA-4480
,CASSANDRA-4481
,CASSANDRA-4482
,CASSANDRA-4483
,CASSANDRA-4484
,CASSANDRA-4485
,CASSANDRA-4486
,CASSANDRA-4487
,CASSANDRA-4488
,CASSANDRA-4489
,CASSANDRA-4490
,CASSANDRA-4491
,CASSANDRA-4492
,CASSANDRA-4493
,CASSANDRA-4494
,CASSANDRA-4495
,CASSANDRA-4496
,CASSANDRA-4497
,CASSANDRA-4498
,CASSANDRA-4499
,CASSANDRA-4500
,CASSANDRA-4501
,CASSANDRA-4502
,CASSANDRA-4503
,CASSANDRA-4504
,CASSANDRA-4505
,CASSANDRA-4506
,CASSANDRA-4507
,CASSANDRA-4508
,CASSANDRA-4509
,CASSANDRA-4510
,CASSANDRA-4511
,CASSANDRA-4512
,CASSANDRA-4513
,CASSANDRA-4514
,CASSANDRA-4515
,CASSANDRA-4516
,CASSANDRA-4517
,CASSANDRA-4518
,CASSANDRA-4519
,CASSANDRA-4520
,CASSANDRA-4521
,CASSANDRA-4522
,CASSANDRA-4523
,CASSANDRA-4524
,CASSANDRA-4525
,CASSANDRA-4526
,CASSANDRA-4527
,CASSANDRA-4528
,CASSANDRA-4529
,CASSANDRA-4530
,CASSANDRA-4531
,CASSANDRA-4532
,CASSANDRA-4533
,CASSANDRA-4534
,CASSANDRA-4535
,CASSANDRA-4536
,CASSANDRA-4537
,CASSANDRA-4538
,CASSANDRA-4539
,CASSANDRA-4540
,CASSANDRA-4541
,CASSANDRA-4542
,CASSANDRA-4543
,CASSANDRA-4544
,CASSANDRA-4545
,CASSANDRA-4546
,CASSANDRA-4547
,CASSANDRA-4548
,CASSANDRA-4549
,CASSANDRA-4550
,CASSANDRA-4551
,CASSANDRA-4552
,CASSANDRA-4553
,CASSANDRA-4554
,CASSANDRA-4555
,CASSANDRA-4556
,CASSANDRA-4557
,CASSANDRA-4558
,CASSANDRA-4559
,CASSANDRA-4560
,CASSANDRA-4561
,CASSANDRA-4562
,CASSANDRA-4563
,CASSANDRA-4564
,CASSANDRA-4565
,CASSANDRA-4566
,CASSANDRA-4567
,CASSANDRA-4568
,CASSANDRA-4569
,CASSANDRA-4570
,CASSANDRA-4571
,CASSANDRA-4572
,CASSANDRA-4573
,CASSANDRA-4574
,CASSANDRA-4575
,CASSANDRA-4576
,CASSANDRA-4577
,CASSANDRA-4578
,CASSANDRA-4579
,CASSANDRA-4580
,CASSANDRA-4581
,CASSANDRA-4582
,CASSANDRA-4583
,CASSANDRA-4584
,CASSANDRA-4585
,CASSANDRA-4586
,CASSANDRA-4587
,CASSANDRA-4588
,CASSANDRA-4589
,CASSANDRA-4590
,CASSANDRA-4591
,CASSANDRA-4592
,CASSANDRA-4593
,CASSANDRA-4594
,CASSANDRA-4595
,CASSANDRA-4596
,CASSANDRA-4597
,CASSANDRA-4598
,CASSANDRA-4599
,CASSANDRA-4600
,CASSANDRA-4601
,CASSANDRA-4602
,CASSANDRA-4603
,CASSANDRA-4604
,CASSANDRA-4605
,CASSANDRA-4606
,CASSANDRA-4607
,CASSANDRA-4608
,CASSANDRA-4609
,CASSANDRA-4610
,CASSANDRA-4611
,CASSANDRA-4612
,CASSANDRA-4613
,CASSANDRA-4614
,CASSANDRA-4615
,CASSANDRA-4616
,CASSANDRA-4617
,CASSANDRA-4618
,CASSANDRA-4619
,CASSANDRA-4620
,CASSANDRA-4621
,CASSANDRA-4622
,CASSANDRA-4623
,CASSANDRA-4624
,CASSANDRA-4625
,CASSANDRA-4626
,CASSANDRA-4627
,CASSANDRA-4628
,CASSANDRA-4629
,CASSANDRA-4630
,CASSANDRA-4631
,CASSANDRA-4632
,CASSANDRA-4633
,CASSANDRA-4634
,CASSANDRA-4635
,CASSANDRA-4636
,CASSANDRA-4637
,CASSANDRA-4638
,CASSANDRA-4639
,CASSANDRA-4640
,CASSANDRA-4641
,CASSANDRA-4642
,CASSANDRA-4643
,CASSANDRA-4644
,CASSANDRA-4645
,CASSANDRA-4646
,CASSANDRA-4647
,CASSANDRA-4648
,CASSANDRA-4649
,CASSANDRA-4650
,CASSANDRA-4651
,CASSANDRA-4652
,CASSANDRA-4653
,CASSANDRA-4654
,CASSANDRA-4655
,CASSANDRA-4656
,CASSANDRA-4657
,CASSANDRA-4658
,CASSANDRA-4659
,CASSANDRA-4660
,CASSANDRA-4661
,CASSANDRA-4662
,CASSANDRA-4663
,CASSANDRA-4664
,CASSANDRA-4665
,CASSANDRA-4666
,CASSANDRA-4667
,CASSANDRA-4668
,CASSANDRA-4669
,CASSANDRA-4670
,CASSANDRA-4671
,CASSANDRA-4672
,CASSANDRA-4673
,CASSANDRA-4674
,CASSANDRA-4675
,CASSANDRA-4676
,CASSANDRA-4677
,CASSANDRA-4678
,CASSANDRA-4679
,CASSANDRA-4680
,CASSANDRA-4681
,CASSANDRA-4682
,CASSANDRA-4683
,CASSANDRA-4684
,CASSANDRA-4685
,CASSANDRA-4686
,CASSANDRA-4687,jfurmankiewicz:1
,CASSANDRA-4688
,CASSANDRA-4689
,CASSANDRA-4690
,CASSANDRA-4691
,CASSANDRA-4692
,CASSANDRA-4693
,CASSANDRA-4694
,CASSANDRA-4695
,CASSANDRA-4696
,CASSANDRA-4697
,CASSANDRA-4698
,CASSANDRA-4699
,CASSANDRA-4700
,CASSANDRA-4701
,CASSANDRA-4702
,CASSANDRA-4703
,CASSANDRA-4704
,CASSANDRA-4705
,CASSANDRA-4706
,CASSANDRA-4707
,CASSANDRA-4708
,CASSANDRA-4709
,CASSANDRA-4710
,CASSANDRA-4711
,CASSANDRA-4712
,CASSANDRA-4713
,CASSANDRA-4714
,CASSANDRA-4715
,CASSANDRA-4716
,CASSANDRA-4717
,CASSANDRA-4718,benedict:10,enigmacurry:6,xedin:1,jasobrown:5
,CASSANDRA-4719
,CASSANDRA-4720
,CASSANDRA-4721
,CASSANDRA-4722
,CASSANDRA-4723
,CASSANDRA-4724
,CASSANDRA-4725
,CASSANDRA-4726
,CASSANDRA-4727
,CASSANDRA-4728
,CASSANDRA-4729
,CASSANDRA-4730
,CASSANDRA-4731
,CASSANDRA-4732
,CASSANDRA-4733,sivikt:1
,CASSANDRA-4734
,CASSANDRA-4735
,CASSANDRA-4736
,CASSANDRA-4737
,CASSANDRA-4738
,CASSANDRA-4739
,CASSANDRA-4740
,CASSANDRA-4741
,CASSANDRA-4742
,CASSANDRA-4743
,CASSANDRA-4744
,CASSANDRA-4745
,CASSANDRA-4746
,CASSANDRA-4747
,CASSANDRA-4748
,CASSANDRA-4749
,CASSANDRA-4750
,CASSANDRA-4751
,CASSANDRA-4752
,CASSANDRA-4753
,CASSANDRA-4754
,CASSANDRA-4755
,CASSANDRA-4756
,CASSANDRA-4757,nickmbailey:1
,CASSANDRA-4758
,CASSANDRA-4759
,CASSANDRA-4760
,CASSANDRA-4761
,CASSANDRA-4762,slebresne:1
,CASSANDRA-4763
,CASSANDRA-4764
,CASSANDRA-4765
,CASSANDRA-4766
,CASSANDRA-4767
,CASSANDRA-4768
,CASSANDRA-4769
,CASSANDRA-4770
,CASSANDRA-4771
,CASSANDRA-4772
,CASSANDRA-4773
,CASSANDRA-4774
,CASSANDRA-4775
,CASSANDRA-4776
,CASSANDRA-4777
,CASSANDRA-4778
,CASSANDRA-4779
,CASSANDRA-4780
,CASSANDRA-4781
,CASSANDRA-4782
,CASSANDRA-4783
,CASSANDRA-4784
,CASSANDRA-4785
,CASSANDRA-4786
,CASSANDRA-4787
,CASSANDRA-4788
,CASSANDRA-4789
,CASSANDRA-4790
,CASSANDRA-4791
,CASSANDRA-4792
,CASSANDRA-4793
,CASSANDRA-4794
,CASSANDRA-4795
,CASSANDRA-4796
,CASSANDRA-4797
,CASSANDRA-4798
,CASSANDRA-4799
,CASSANDRA-4800
,CASSANDRA-4801
,CASSANDRA-4802
,CASSANDRA-4803
,CASSANDRA-4804
,CASSANDRA-4805
,CASSANDRA-4806
,CASSANDRA-4807
,CASSANDRA-4808
,CASSANDRA-4809
,CASSANDRA-4810
,CASSANDRA-4811
,CASSANDRA-4812
,CASSANDRA-4813
,CASSANDRA-4814
,CASSANDRA-4815
,CASSANDRA-4816
,CASSANDRA-4817
,CASSANDRA-4818
,CASSANDRA-4819
,CASSANDRA-4820
,CASSANDRA-4821
,CASSANDRA-4822
,CASSANDRA-4823
,CASSANDRA-4824
,CASSANDRA-4825
,CASSANDRA-4826
,CASSANDRA-4827
,CASSANDRA-4828
,CASSANDRA-4829
,CASSANDRA-4830
,CASSANDRA-4831
,CASSANDRA-4832
,CASSANDRA-4833
,CASSANDRA-4834
,CASSANDRA-4835
,CASSANDRA-4836
,CASSANDRA-4837
,CASSANDRA-4838
,CASSANDRA-4839
,CASSANDRA-4840
,CASSANDRA-4841
,CASSANDRA-4842
,CASSANDRA-4843
,CASSANDRA-4844
,CASSANDRA-4845
,CASSANDRA-4846
,CASSANDRA-4847
,CASSANDRA-4848
,CASSANDRA-4849
,CASSANDRA-4850
,CASSANDRA-4851
,CASSANDRA-4852
,CASSANDRA-4853
,CASSANDRA-4854
,CASSANDRA-4855
,CASSANDRA-4856
,CASSANDRA-4857
,CASSANDRA-4858
,CASSANDRA-4859
,CASSANDRA-4860
,CASSANDRA-4861
,CASSANDRA-4862
,CASSANDRA-4863
,CASSANDRA-4864
,CASSANDRA-4865
,CASSANDRA-4866
,CASSANDRA-4867
,CASSANDRA-4868
,CASSANDRA-4869
,CASSANDRA-4870
,CASSANDRA-4871
,CASSANDRA-4872
,CASSANDRA-4873
,CASSANDRA-4874
,CASSANDRA-4875
,CASSANDRA-4876
,CASSANDRA-4877
,CASSANDRA-4878
,CASSANDRA-4879
,CASSANDRA-4880
,CASSANDRA-4881
,CASSANDRA-4882
,CASSANDRA-4883
,CASSANDRA-4884
,CASSANDRA-4885
,CASSANDRA-4886
,CASSANDRA-4887
,CASSANDRA-4888
,CASSANDRA-4889
,CASSANDRA-4890
,CASSANDRA-4891
,CASSANDRA-4892
,CASSANDRA-4893
,CASSANDRA-4894
,CASSANDRA-4895
,CASSANDRA-4896
,CASSANDRA-4897
,CASSANDRA-4898
,CASSANDRA-4899
,CASSANDRA-4900
,CASSANDRA-4901
,CASSANDRA-4902
,CASSANDRA-4903
,CASSANDRA-4904
,CASSANDRA-4905
,CASSANDRA-4906
,CASSANDRA-4907
,CASSANDRA-4908
,CASSANDRA-4909
,CASSANDRA-4910
,CASSANDRA-4911,thobbs:1
,CASSANDRA-4912
,CASSANDRA-4913
,CASSANDRA-4914,slebresne:1,blerer:1
,CASSANDRA-4915
,CASSANDRA-4916
,CASSANDRA-4917
,CASSANDRA-4918
,CASSANDRA-4919
,CASSANDRA-4920
,CASSANDRA-4921
,CASSANDRA-4922
,CASSANDRA-4923
,CASSANDRA-4924
,CASSANDRA-4925
,CASSANDRA-4926
,CASSANDRA-4927
,CASSANDRA-4928
,CASSANDRA-4929
,CASSANDRA-4930
,CASSANDRA-4931
,CASSANDRA-4932
,CASSANDRA-4933
,CASSANDRA-4934
,CASSANDRA-4935
,CASSANDRA-4936
,CASSANDRA-4937
,CASSANDRA-4938
,CASSANDRA-4939
,CASSANDRA-4940
,CASSANDRA-4941
,CASSANDRA-4942
,CASSANDRA-4943
,CASSANDRA-4944
,CASSANDRA-4945
,CASSANDRA-4946
,CASSANDRA-4947
,CASSANDRA-4948
,CASSANDRA-4949
,CASSANDRA-4950
,CASSANDRA-4951
,CASSANDRA-4952
,CASSANDRA-4953
,CASSANDRA-4954
,CASSANDRA-4955
,CASSANDRA-4956
,CASSANDRA-4957
,CASSANDRA-4958
,CASSANDRA-4959
,CASSANDRA-4960
,CASSANDRA-4961
,CASSANDRA-4962
,CASSANDRA-4963
,CASSANDRA-4964
,CASSANDRA-4965
,CASSANDRA-4966
,CASSANDRA-4967
,CASSANDRA-4968
,CASSANDRA-4969
,CASSANDRA-4970
,CASSANDRA-4971
,CASSANDRA-4972
,CASSANDRA-4973
,CASSANDRA-4974
,CASSANDRA-4975
,CASSANDRA-4976
,CASSANDRA-4977
,CASSANDRA-4978
,CASSANDRA-4979
,CASSANDRA-4980
,CASSANDRA-4981
,CASSANDRA-4982
,CASSANDRA-4983
,CASSANDRA-4984
,CASSANDRA-4985
,CASSANDRA-4986
,CASSANDRA-4987
,CASSANDRA-4988
,CASSANDRA-4989
,CASSANDRA-4990
,CASSANDRA-4991
,CASSANDRA-4992
,CASSANDRA-4993
,CASSANDRA-4994
,CASSANDRA-4995
,CASSANDRA-4996
,CASSANDRA-4997
,CASSANDRA-4998
,CASSANDRA-4999
,CASSANDRA-5000
,CASSANDRA-5001
,CASSANDRA-5002
,CASSANDRA-5003
,CASSANDRA-5004
,CASSANDRA-5005
,CASSANDRA-5006
,CASSANDRA-5007
,CASSANDRA-5008
,CASSANDRA-5009
,CASSANDRA-5010
,CASSANDRA-5011
,CASSANDRA-5012
,CASSANDRA-5013
,CASSANDRA-5014
,CASSANDRA-5015
,CASSANDRA-5016
,CASSANDRA-5017
,CASSANDRA-5018
,CASSANDRA-5019
,CASSANDRA-5020
,CASSANDRA-5021
,CASSANDRA-5022
,CASSANDRA-5023
,CASSANDRA-5024
,CASSANDRA-5025
,CASSANDRA-5026
,CASSANDRA-5027
,CASSANDRA-5028
,CASSANDRA-5029
,CASSANDRA-5030
,CASSANDRA-5031
,CASSANDRA-5032
,CASSANDRA-5033
,CASSANDRA-5034
,CASSANDRA-5035
,CASSANDRA-5036
,CASSANDRA-5037
,CASSANDRA-5038
,CASSANDRA-5039
,CASSANDRA-5040
,CASSANDRA-5041
,CASSANDRA-5042
,CASSANDRA-5043
,CASSANDRA-5044
,CASSANDRA-5045
,CASSANDRA-5046
,CASSANDRA-5047
,CASSANDRA-5048
,CASSANDRA-5049
,CASSANDRA-5050
,CASSANDRA-5051
,CASSANDRA-5052
,CASSANDRA-5053
,CASSANDRA-5054
,CASSANDRA-5055
,CASSANDRA-5056
,CASSANDRA-5057
,CASSANDRA-5058
,CASSANDRA-5059
,CASSANDRA-5060
,CASSANDRA-5061
,CASSANDRA-5062
,CASSANDRA-5063
,CASSANDRA-5064
,CASSANDRA-5065
,CASSANDRA-5066
,CASSANDRA-5067
,CASSANDRA-5068
,CASSANDRA-5069
,CASSANDRA-5070
,CASSANDRA-5071
,CASSANDRA-5072
,CASSANDRA-5073
,CASSANDRA-5074
,CASSANDRA-5075
,CASSANDRA-5076
,CASSANDRA-5077
,CASSANDRA-5078
,CASSANDRA-5079
,CASSANDRA-5080
,CASSANDRA-5081
,CASSANDRA-5082
,CASSANDRA-5083
,CASSANDRA-5084
,CASSANDRA-5085
,CASSANDRA-5086
,CASSANDRA-5087
,CASSANDRA-5088
,CASSANDRA-5089
,CASSANDRA-5090
,CASSANDRA-5091
,CASSANDRA-5092
,CASSANDRA-5093
,CASSANDRA-5094
,CASSANDRA-5095
,CASSANDRA-5096
,CASSANDRA-5097
,CASSANDRA-5098
,CASSANDRA-5099
,CASSANDRA-5100
,CASSANDRA-5101
,CASSANDRA-5102
,CASSANDRA-5103
,CASSANDRA-5104
,CASSANDRA-5105
,CASSANDRA-5106
,CASSANDRA-5107
,CASSANDRA-5108
,CASSANDRA-5109
,CASSANDRA-5110
,CASSANDRA-5111
,CASSANDRA-5112
,CASSANDRA-5113
,CASSANDRA-5114
,CASSANDRA-5115
,CASSANDRA-5116
,CASSANDRA-5117
,CASSANDRA-5118
,CASSANDRA-5119
,CASSANDRA-5120
,CASSANDRA-5121
,CASSANDRA-5122
,CASSANDRA-5123
,CASSANDRA-5124
,CASSANDRA-5125
,CASSANDRA-5126
,CASSANDRA-5127
,CASSANDRA-5128
,CASSANDRA-5129
,CASSANDRA-5130
,CASSANDRA-5131
,CASSANDRA-5132
,CASSANDRA-5133
,CASSANDRA-5134
,CASSANDRA-5135
,CASSANDRA-5136
,CASSANDRA-5137
,CASSANDRA-5138
,CASSANDRA-5139
,CASSANDRA-5140
,CASSANDRA-5141
,CASSANDRA-5142
,CASSANDRA-5143
,CASSANDRA-5144
,CASSANDRA-5145
,CASSANDRA-5146
,CASSANDRA-5147
,CASSANDRA-5148
,CASSANDRA-5149
,CASSANDRA-5150
,CASSANDRA-5151
,CASSANDRA-5152
,CASSANDRA-5153
,CASSANDRA-5154
,CASSANDRA-5155
,CASSANDRA-5156
,CASSANDRA-5157
,CASSANDRA-5158
,CASSANDRA-5159
,CASSANDRA-5160
,CASSANDRA-5161
,CASSANDRA-5162
,CASSANDRA-5163
,CASSANDRA-5164
,CASSANDRA-5165
,CASSANDRA-5166
,CASSANDRA-5167
,CASSANDRA-5168
,CASSANDRA-5169
,CASSANDRA-5170
,CASSANDRA-5171
,CASSANDRA-5172
,CASSANDRA-5173
,CASSANDRA-5174
,CASSANDRA-5175
,CASSANDRA-5176
,CASSANDRA-5177
,CASSANDRA-5178
,CASSANDRA-5179
,CASSANDRA-5180
,CASSANDRA-5181
,CASSANDRA-5182
,CASSANDRA-5183
,CASSANDRA-5184
,CASSANDRA-5185
,CASSANDRA-5186
,CASSANDRA-5187
,CASSANDRA-5188
,CASSANDRA-5189
,CASSANDRA-5190
,CASSANDRA-5191
,CASSANDRA-5192
,CASSANDRA-5193
,CASSANDRA-5194
,CASSANDRA-5195
,CASSANDRA-5196
,CASSANDRA-5197
,CASSANDRA-5198
,CASSANDRA-5199
,CASSANDRA-5200
,CASSANDRA-5201,dvryaboy:3,brandon.williams:3,hkropp:1,bcoverston:3
,CASSANDRA-5202,iamaleksey:4,yukim:7
,CASSANDRA-5203
,CASSANDRA-5204
,CASSANDRA-5205
,CASSANDRA-5206
,CASSANDRA-5207
,CASSANDRA-5208
,CASSANDRA-5209
,CASSANDRA-5210
,CASSANDRA-5211
,CASSANDRA-5212
,CASSANDRA-5213,yukim:1
,CASSANDRA-5214
,CASSANDRA-5215
,CASSANDRA-5216
,CASSANDRA-5217
,CASSANDRA-5218
,CASSANDRA-5219
,CASSANDRA-5220,SchnickDaddy:1,brandon.williams:1,cscetbon:1
,CASSANDRA-5221
,CASSANDRA-5222
,CASSANDRA-5223
,CASSANDRA-5224
,CASSANDRA-5225
,CASSANDRA-5226
,CASSANDRA-5227
,CASSANDRA-5228
,CASSANDRA-5229
,CASSANDRA-5230
,CASSANDRA-5231
,CASSANDRA-5232
,CASSANDRA-5233
,CASSANDRA-5234
,CASSANDRA-5235
,CASSANDRA-5236
,CASSANDRA-5237
,CASSANDRA-5238
,CASSANDRA-5239,benedict:1,slebresne:1
,CASSANDRA-5240
,CASSANDRA-5241
,CASSANDRA-5242
,CASSANDRA-5243
,CASSANDRA-5244
,CASSANDRA-5245
,CASSANDRA-5246
,CASSANDRA-5247
,CASSANDRA-5248
,CASSANDRA-5249
,CASSANDRA-5250
,CASSANDRA-5251
,CASSANDRA-5252
,CASSANDRA-5253
,CASSANDRA-5254
,CASSANDRA-5255
,CASSANDRA-5256
,CASSANDRA-5257
,CASSANDRA-5258
,CASSANDRA-5259
,CASSANDRA-5260
,CASSANDRA-5261
,CASSANDRA-5262
,CASSANDRA-5263
,CASSANDRA-5264,mtheroux2:1
,CASSANDRA-5265
,CASSANDRA-5266,arya:1
,CASSANDRA-5267
,CASSANDRA-5268
,CASSANDRA-5269
,CASSANDRA-5270
,CASSANDRA-5271
,CASSANDRA-5272
,CASSANDRA-5273
,CASSANDRA-5274
,CASSANDRA-5275
,CASSANDRA-5276
,CASSANDRA-5277
,CASSANDRA-5278
,CASSANDRA-5279
,CASSANDRA-5280
,CASSANDRA-5281
,CASSANDRA-5282
,CASSANDRA-5283
,CASSANDRA-5284
,CASSANDRA-5285
,CASSANDRA-5286
,CASSANDRA-5287
,CASSANDRA-5288
,CASSANDRA-5289
,CASSANDRA-5290
,CASSANDRA-5291
,CASSANDRA-5292
,CASSANDRA-5293
,CASSANDRA-5294
,CASSANDRA-5295
,CASSANDRA-5296
,CASSANDRA-5297
,CASSANDRA-5298
,CASSANDRA-5299
,CASSANDRA-5300
,CASSANDRA-5301
,CASSANDRA-5302
,CASSANDRA-5303
,CASSANDRA-5304
,CASSANDRA-5305
,CASSANDRA-5306
,CASSANDRA-5307
,CASSANDRA-5308
,CASSANDRA-5309
,CASSANDRA-5310,jbellis:1,Scooletz:1
,CASSANDRA-5311
,CASSANDRA-5312
,CASSANDRA-5313
,CASSANDRA-5314
,CASSANDRA-5315
,CASSANDRA-5316
,CASSANDRA-5317
,CASSANDRA-5318
,CASSANDRA-5319
,CASSANDRA-5320
,CASSANDRA-5321
,CASSANDRA-5322
,CASSANDRA-5323
,CASSANDRA-5324
,CASSANDRA-5325
,CASSANDRA-5326
,CASSANDRA-5327
,CASSANDRA-5328
,CASSANDRA-5329
,CASSANDRA-5330
,CASSANDRA-5331
,CASSANDRA-5332
,CASSANDRA-5333
,CASSANDRA-5334
,CASSANDRA-5335
,CASSANDRA-5336
,CASSANDRA-5337
,CASSANDRA-5338
,CASSANDRA-5339
,CASSANDRA-5340
,CASSANDRA-5341
,CASSANDRA-5342
,CASSANDRA-5343
,CASSANDRA-5344
,CASSANDRA-5345,JoshuaMcKenzie:1,enigmacurry:1
,CASSANDRA-5346
,CASSANDRA-5347
,CASSANDRA-5348
,CASSANDRA-5349
,CASSANDRA-5350
,CASSANDRA-5351,krummas:2,jbellis:1,yukim:1,lyubent:1
,CASSANDRA-5352
,CASSANDRA-5353
,CASSANDRA-5354
,CASSANDRA-5355
,CASSANDRA-5356
,CASSANDRA-5357,krummas:1,slebresne:1,haebin:1
,CASSANDRA-5358
,CASSANDRA-5359
,CASSANDRA-5360
,CASSANDRA-5361
,CASSANDRA-5362
,CASSANDRA-5363
,CASSANDRA-5364
,CASSANDRA-5365
,CASSANDRA-5366
,CASSANDRA-5367
,CASSANDRA-5368
,CASSANDRA-5369
,CASSANDRA-5370
,CASSANDRA-5371,br1985:1
,CASSANDRA-5372
,CASSANDRA-5373
,CASSANDRA-5374
,CASSANDRA-5375
,CASSANDRA-5376
,CASSANDRA-5377
,CASSANDRA-5378
,CASSANDRA-5379
,CASSANDRA-5380
,CASSANDRA-5381
,CASSANDRA-5382
,CASSANDRA-5383
,CASSANDRA-5384
,CASSANDRA-5385
,CASSANDRA-5386
,CASSANDRA-5387
,CASSANDRA-5388
,CASSANDRA-5389
,CASSANDRA-5390
,CASSANDRA-5391
,CASSANDRA-5392
,CASSANDRA-5393
,CASSANDRA-5394
,CASSANDRA-5395
,CASSANDRA-5396
,CASSANDRA-5397
,CASSANDRA-5398
,CASSANDRA-5399
,CASSANDRA-5400
,CASSANDRA-5401
,CASSANDRA-5402
,CASSANDRA-5403
,CASSANDRA-5404
,CASSANDRA-5405
,CASSANDRA-5406
,CASSANDRA-5407
,CASSANDRA-5408
,CASSANDRA-5409
,CASSANDRA-5410
,CASSANDRA-5411
,CASSANDRA-5412
,CASSANDRA-5413
,CASSANDRA-5414
,CASSANDRA-5415
,CASSANDRA-5416
,CASSANDRA-5417
,CASSANDRA-5418
,CASSANDRA-5419
,CASSANDRA-5420
,CASSANDRA-5421,ondrej.cernos:1
,CASSANDRA-5422
,CASSANDRA-5423
,CASSANDRA-5424
,CASSANDRA-5425
,CASSANDRA-5426
,CASSANDRA-5427
,CASSANDRA-5428
,CASSANDRA-5429
,CASSANDRA-5430
,CASSANDRA-5431
,CASSANDRA-5432
,CASSANDRA-5433
,CASSANDRA-5434
,CASSANDRA-5435
,CASSANDRA-5436
,CASSANDRA-5437
,CASSANDRA-5438
,CASSANDRA-5439
,CASSANDRA-5440
,CASSANDRA-5441
,CASSANDRA-5442
,CASSANDRA-5443
,CASSANDRA-5444
,CASSANDRA-5445
,CASSANDRA-5446
,CASSANDRA-5447
,CASSANDRA-5448
,CASSANDRA-5449
,CASSANDRA-5450
,CASSANDRA-5451
,CASSANDRA-5452
,CASSANDRA-5453,winsdom:1
,CASSANDRA-5454
,CASSANDRA-5455
,CASSANDRA-5456
,CASSANDRA-5457
,CASSANDRA-5458
,CASSANDRA-5459
,CASSANDRA-5460,enigmacurry:2,tjake:1
,CASSANDRA-5461,pkolaczk:1
,CASSANDRA-5462,rhatch:1
,CASSANDRA-5463
,CASSANDRA-5464
,CASSANDRA-5465
,CASSANDRA-5466
,CASSANDRA-5467
,CASSANDRA-5468
,CASSANDRA-5469
,CASSANDRA-5470
,CASSANDRA-5471
,CASSANDRA-5472
,CASSANDRA-5473
,CASSANDRA-5474
,CASSANDRA-5475
,CASSANDRA-5476
,CASSANDRA-5477
,CASSANDRA-5478
,CASSANDRA-5479
,CASSANDRA-5480
,CASSANDRA-5481,enigmacurry:1
,CASSANDRA-5482
,CASSANDRA-5483,ob:1,benedict:1,jbellis:2,yukim:2,usrbincc:6
,CASSANDRA-5484
,CASSANDRA-5485
,CASSANDRA-5486
,CASSANDRA-5487
,CASSANDRA-5488
,CASSANDRA-5489
,CASSANDRA-5490
,CASSANDRA-5491
,CASSANDRA-5492
,CASSANDRA-5493,ondrej.cernos:3,mishail:2
,CASSANDRA-5494
,CASSANDRA-5495
,CASSANDRA-5496
,CASSANDRA-5497
,CASSANDRA-5498
,CASSANDRA-5499
,CASSANDRA-5500
,CASSANDRA-5501
,CASSANDRA-5502
,CASSANDRA-5503,bajbnet:1
,CASSANDRA-5504
,CASSANDRA-5505
,CASSANDRA-5506
,CASSANDRA-5507
,CASSANDRA-5508
,CASSANDRA-5509
,CASSANDRA-5510
,CASSANDRA-5511
,CASSANDRA-5512
,CASSANDRA-5513
,CASSANDRA-5514
,CASSANDRA-5515
,CASSANDRA-5516
,CASSANDRA-5517
,CASSANDRA-5518
,CASSANDRA-5519
,CASSANDRA-5520
,CASSANDRA-5521
,CASSANDRA-5522
,CASSANDRA-5523
,CASSANDRA-5524
,CASSANDRA-5525
,CASSANDRA-5526
,CASSANDRA-5527
,CASSANDRA-5528
,CASSANDRA-5529
,CASSANDRA-5530
,CASSANDRA-5531
,CASSANDRA-5532
,CASSANDRA-5533
,CASSANDRA-5534
,CASSANDRA-5535
,CASSANDRA-5536
,CASSANDRA-5537
,CASSANDRA-5538
,CASSANDRA-5539
,CASSANDRA-5540
,CASSANDRA-5541
,CASSANDRA-5542
,CASSANDRA-5543
,CASSANDRA-5544
,CASSANDRA-5545
,CASSANDRA-5546
,CASSANDRA-5547,rspitzer:1
,CASSANDRA-5548
,CASSANDRA-5549
,CASSANDRA-5550
,CASSANDRA-5551
,CASSANDRA-5552
,CASSANDRA-5553
,CASSANDRA-5554
,CASSANDRA-5555
,CASSANDRA-5556
,CASSANDRA-5557
,CASSANDRA-5558
,CASSANDRA-5559
,CASSANDRA-5560
,CASSANDRA-5561
,CASSANDRA-5562
,CASSANDRA-5563
,CASSANDRA-5564
,CASSANDRA-5565
,CASSANDRA-5566
,CASSANDRA-5567
,CASSANDRA-5568
,CASSANDRA-5569
,CASSANDRA-5570
,CASSANDRA-5571
,CASSANDRA-5572
,CASSANDRA-5573
,CASSANDRA-5574
,CASSANDRA-5575
,CASSANDRA-5576
,CASSANDRA-5577
,CASSANDRA-5578
,CASSANDRA-5579
,CASSANDRA-5580
,CASSANDRA-5581
,CASSANDRA-5582
,CASSANDRA-5583
,CASSANDRA-5584
,CASSANDRA-5585
,CASSANDRA-5586
,CASSANDRA-5587
,CASSANDRA-5588
,CASSANDRA-5589
,CASSANDRA-5590
,CASSANDRA-5591
,CASSANDRA-5592
,CASSANDRA-5593
,CASSANDRA-5594
,CASSANDRA-5595
,CASSANDRA-5596
,CASSANDRA-5597
,CASSANDRA-5598
,CASSANDRA-5599
,CASSANDRA-5600
,CASSANDRA-5601
,CASSANDRA-5602
,CASSANDRA-5603
,CASSANDRA-5604
,CASSANDRA-5605
,CASSANDRA-5606
,CASSANDRA-5607
,CASSANDRA-5608
,CASSANDRA-5609
,CASSANDRA-5610
,CASSANDRA-5611
,CASSANDRA-5612
,CASSANDRA-5613
,CASSANDRA-5614
,CASSANDRA-5615
,CASSANDRA-5616
,CASSANDRA-5617
,CASSANDRA-5618
,CASSANDRA-5619
,CASSANDRA-5620
,CASSANDRA-5621
,CASSANDRA-5622
,CASSANDRA-5623
,CASSANDRA-5624
,CASSANDRA-5625
,CASSANDRA-5626
,CASSANDRA-5627
,CASSANDRA-5628
,CASSANDRA-5629
,CASSANDRA-5630
,CASSANDRA-5631
,CASSANDRA-5632
,CASSANDRA-5633
,CASSANDRA-5634
,CASSANDRA-5635
,CASSANDRA-5636
,CASSANDRA-5637
,CASSANDRA-5638
,CASSANDRA-5639
,CASSANDRA-5640
,CASSANDRA-5641
,CASSANDRA-5642
,CASSANDRA-5643
,CASSANDRA-5644
,CASSANDRA-5645
,CASSANDRA-5646
,CASSANDRA-5647
,CASSANDRA-5648
,CASSANDRA-5649
,CASSANDRA-5650
,CASSANDRA-5651
,CASSANDRA-5652
,CASSANDRA-5653
,CASSANDRA-5654
,CASSANDRA-5655
,CASSANDRA-5656
,CASSANDRA-5657
,CASSANDRA-5658
,CASSANDRA-5659
,CASSANDRA-5660
,CASSANDRA-5661
,CASSANDRA-5662
,CASSANDRA-5663
,CASSANDRA-5664
,CASSANDRA-5665
,CASSANDRA-5666
,CASSANDRA-5667
,CASSANDRA-5668
,CASSANDRA-5669
,CASSANDRA-5670
,CASSANDRA-5671
,CASSANDRA-5672
,CASSANDRA-5673
,CASSANDRA-5674
,CASSANDRA-5675
,CASSANDRA-5676
,CASSANDRA-5677
,CASSANDRA-5678
,CASSANDRA-5679
,CASSANDRA-5680
,CASSANDRA-5681
,CASSANDRA-5682
,CASSANDRA-5683
,CASSANDRA-5684
,CASSANDRA-5685
,CASSANDRA-5686
,CASSANDRA-5687,enigmacurry:1
,CASSANDRA-5688
,CASSANDRA-5689
,CASSANDRA-5690
,CASSANDRA-5691
,CASSANDRA-5692
,CASSANDRA-5693
,CASSANDRA-5694
,CASSANDRA-5695
,CASSANDRA-5696
,CASSANDRA-5697
,CASSANDRA-5698
,CASSANDRA-5699
,CASSANDRA-5700
,CASSANDRA-5701
,CASSANDRA-5702
,CASSANDRA-5703
,CASSANDRA-5704
,CASSANDRA-5705
,CASSANDRA-5706
,CASSANDRA-5707
,CASSANDRA-5708
,CASSANDRA-5709
,CASSANDRA-5710
,CASSANDRA-5711
,CASSANDRA-5712
,CASSANDRA-5713
,CASSANDRA-5714
,CASSANDRA-5715
,CASSANDRA-5716
,CASSANDRA-5717
,CASSANDRA-5718,alexliu68:1
,CASSANDRA-5719
,CASSANDRA-5720
,CASSANDRA-5721
,CASSANDRA-5722
,CASSANDRA-5723
,CASSANDRA-5724
,CASSANDRA-5725
,CASSANDRA-5726,mheffner:1,yukim:1
,CASSANDRA-5727
,CASSANDRA-5728
,CASSANDRA-5729
,CASSANDRA-5730
,CASSANDRA-5731
,CASSANDRA-5732
,CASSANDRA-5733
,CASSANDRA-5734
,CASSANDRA-5735
,CASSANDRA-5736
,CASSANDRA-5737
,CASSANDRA-5738
,CASSANDRA-5739
,CASSANDRA-5740
,CASSANDRA-5741
,CASSANDRA-5742,kohlisankalp:2
,CASSANDRA-5743
,CASSANDRA-5744
,CASSANDRA-5745
,CASSANDRA-5746
,CASSANDRA-5747
,CASSANDRA-5748
,CASSANDRA-5749
,CASSANDRA-5750
,CASSANDRA-5751
,CASSANDRA-5752
,CASSANDRA-5753
,CASSANDRA-5754
,CASSANDRA-5755
,CASSANDRA-5756
,CASSANDRA-5757
,CASSANDRA-5758
,CASSANDRA-5759
,CASSANDRA-5760
,CASSANDRA-5761
,CASSANDRA-5762
,CASSANDRA-5763
,CASSANDRA-5764
,CASSANDRA-5765
,CASSANDRA-5766
,CASSANDRA-5767
,CASSANDRA-5768
,CASSANDRA-5769
,CASSANDRA-5770
,CASSANDRA-5771
,CASSANDRA-5772
,CASSANDRA-5773
,CASSANDRA-5774
,CASSANDRA-5775
,CASSANDRA-5776
,CASSANDRA-5777
,CASSANDRA-5778
,CASSANDRA-5779
,CASSANDRA-5780
,CASSANDRA-5781
,CASSANDRA-5782
,CASSANDRA-5783
,CASSANDRA-5784
,CASSANDRA-5785
,CASSANDRA-5786
,CASSANDRA-5787
,CASSANDRA-5788
,CASSANDRA-5789
,CASSANDRA-5790
,CASSANDRA-5791
,CASSANDRA-5792
,CASSANDRA-5793
,CASSANDRA-5794
,CASSANDRA-5795
,CASSANDRA-5796
,CASSANDRA-5797
,CASSANDRA-5798
,CASSANDRA-5799
,CASSANDRA-5800
,CASSANDRA-5801
,CASSANDRA-5802
,CASSANDRA-5803
,CASSANDRA-5804
,CASSANDRA-5805
,CASSANDRA-5806
,CASSANDRA-5807
,CASSANDRA-5808
,CASSANDRA-5809
,CASSANDRA-5810
,CASSANDRA-5811
,CASSANDRA-5812
,CASSANDRA-5813
,CASSANDRA-5814
,CASSANDRA-5815
,CASSANDRA-5816
,CASSANDRA-5817
,CASSANDRA-5818,mishail:1
,CASSANDRA-5819
,CASSANDRA-5820
,CASSANDRA-5821
,CASSANDRA-5822
,CASSANDRA-5823
,CASSANDRA-5824
,CASSANDRA-5825
,CASSANDRA-5826
,CASSANDRA-5827
,CASSANDRA-5828
,CASSANDRA-5829
,CASSANDRA-5830
,CASSANDRA-5831
,CASSANDRA-5832
,CASSANDRA-5833
,CASSANDRA-5834
,CASSANDRA-5835
,CASSANDRA-5836,jtravis:1
,CASSANDRA-5837
,CASSANDRA-5838
,CASSANDRA-5839,kohlisankalp:1,yarin:2,jbellis:1
,CASSANDRA-5840
,CASSANDRA-5841
,CASSANDRA-5842
,CASSANDRA-5843
,CASSANDRA-5844
,CASSANDRA-5845
,CASSANDRA-5846
,CASSANDRA-5847
,CASSANDRA-5848
,CASSANDRA-5849
,CASSANDRA-5850
,CASSANDRA-5851
,CASSANDRA-5852
,CASSANDRA-5853
,CASSANDRA-5854
,CASSANDRA-5855
,CASSANDRA-5856
,CASSANDRA-5857
,CASSANDRA-5858
,CASSANDRA-5859
,CASSANDRA-5860
,CASSANDRA-5861
,CASSANDRA-5862
,CASSANDRA-5863,benedict:1,xedin:1,jbellis:2,tjake:1,cburroughs:1
,CASSANDRA-5864
,CASSANDRA-5865
,CASSANDRA-5866
,CASSANDRA-5867
,CASSANDRA-5868
,CASSANDRA-5869
,CASSANDRA-5870
,CASSANDRA-5871
,CASSANDRA-5872,dbrosius:1
,CASSANDRA-5873
,CASSANDRA-5874
,CASSANDRA-5875
,CASSANDRA-5876
,CASSANDRA-5877
,CASSANDRA-5878
,CASSANDRA-5879
,CASSANDRA-5880
,CASSANDRA-5881
,CASSANDRA-5882
,CASSANDRA-5883
,CASSANDRA-5884
,CASSANDRA-5885
,CASSANDRA-5886
,CASSANDRA-5887
,CASSANDRA-5888
,CASSANDRA-5889
,CASSANDRA-5890
,CASSANDRA-5891
,CASSANDRA-5892
,CASSANDRA-5893
,CASSANDRA-5894
,CASSANDRA-5895,dbrosius:1
,CASSANDRA-5896
,CASSANDRA-5897
,CASSANDRA-5898
,CASSANDRA-5899
,CASSANDRA-5900
,CASSANDRA-5901
,CASSANDRA-5902,iamaleksey:1,jbellis:1
,CASSANDRA-5903
,CASSANDRA-5904
,CASSANDRA-5905
,CASSANDRA-5906
,CASSANDRA-5907
,CASSANDRA-5908
,CASSANDRA-5909
,CASSANDRA-5910
,CASSANDRA-5911
,CASSANDRA-5912
,CASSANDRA-5913
,CASSANDRA-5914
,CASSANDRA-5915
,CASSANDRA-5916
,CASSANDRA-5917
,CASSANDRA-5918
,CASSANDRA-5919
,CASSANDRA-5920
,CASSANDRA-5921
,CASSANDRA-5922
,CASSANDRA-5923
,CASSANDRA-5924
,CASSANDRA-5925
,CASSANDRA-5926
,CASSANDRA-5927
,CASSANDRA-5928
,CASSANDRA-5929
,CASSANDRA-5930,iamaleksey:1,jeffpotter:2,jbellis:1
,CASSANDRA-5931
,CASSANDRA-5932
,CASSANDRA-5933
,CASSANDRA-5934
,CASSANDRA-5935
,CASSANDRA-5936
,CASSANDRA-5937
,CASSANDRA-5938
,CASSANDRA-5939
,CASSANDRA-5940
,CASSANDRA-5941
,CASSANDRA-5942,rhatch:1
,CASSANDRA-5943
,CASSANDRA-5944
,CASSANDRA-5945
,CASSANDRA-5946
,CASSANDRA-5947
,CASSANDRA-5948
,CASSANDRA-5949
,CASSANDRA-5950
,CASSANDRA-5951
,CASSANDRA-5952
,CASSANDRA-5953
,CASSANDRA-5954
,CASSANDRA-5955
,CASSANDRA-5956
,CASSANDRA-5957
,CASSANDRA-5958
,CASSANDRA-5959,snazy:1
,CASSANDRA-5960
,CASSANDRA-5961
,CASSANDRA-5962
,CASSANDRA-5963
,CASSANDRA-5964,alf239:1,mishail:1,dbrosius%40apache.org:1
,CASSANDRA-5965
,CASSANDRA-5966
,CASSANDRA-5967
,CASSANDRA-5968
,CASSANDRA-5969
,CASSANDRA-5970
,CASSANDRA-5971
,CASSANDRA-5972
,CASSANDRA-5973
,CASSANDRA-5974
,CASSANDRA-5975
,CASSANDRA-5976
,CASSANDRA-5977
,CASSANDRA-5978
,CASSANDRA-5979
,CASSANDRA-5980
,CASSANDRA-5981
,CASSANDRA-5982
,CASSANDRA-5983
,CASSANDRA-5984
,CASSANDRA-5985
,CASSANDRA-5986
,CASSANDRA-5987
,CASSANDRA-5988
,CASSANDRA-5989
,CASSANDRA-5990
,CASSANDRA-5991
,CASSANDRA-5992,jjordan:1
,CASSANDRA-5993
,CASSANDRA-5994
,CASSANDRA-5995,hsn:1
,CASSANDRA-5996
,CASSANDRA-5997
,CASSANDRA-5998
,CASSANDRA-5999
,CASSANDRA-6000
,CASSANDRA-6001
,CASSANDRA-6002
,CASSANDRA-6003
,CASSANDRA-6004
,CASSANDRA-6005
,CASSANDRA-6006
,CASSANDRA-6007
,CASSANDRA-6008
,CASSANDRA-6009
,CASSANDRA-6010
,CASSANDRA-6011
,CASSANDRA-6012
,CASSANDRA-6013
,CASSANDRA-6014
,CASSANDRA-6015
,CASSANDRA-6016
,CASSANDRA-6017
,CASSANDRA-6018,benedict:1
,CASSANDRA-6019
,CASSANDRA-6020
,CASSANDRA-6021
,CASSANDRA-6022
,CASSANDRA-6023
,CASSANDRA-6024
,CASSANDRA-6025
,CASSANDRA-6026
,CASSANDRA-6027
,CASSANDRA-6028
,CASSANDRA-6029
,CASSANDRA-6030
,CASSANDRA-6031
,CASSANDRA-6032
,CASSANDRA-6033
,CASSANDRA-6034
,CASSANDRA-6035
,CASSANDRA-6036
,CASSANDRA-6037
,CASSANDRA-6038
,CASSANDRA-6039
,CASSANDRA-6040
,CASSANDRA-6041
,CASSANDRA-6042
,CASSANDRA-6043
,CASSANDRA-6044
,CASSANDRA-6045
,CASSANDRA-6046
,CASSANDRA-6047
,CASSANDRA-6048
,CASSANDRA-6049
,CASSANDRA-6050
,CASSANDRA-6051
,CASSANDRA-6052
,CASSANDRA-6053
,CASSANDRA-6054
,CASSANDRA-6055
,CASSANDRA-6056
,CASSANDRA-6057
,CASSANDRA-6058
,CASSANDRA-6059
,CASSANDRA-6060
,CASSANDRA-6061
,CASSANDRA-6062
,CASSANDRA-6063
,CASSANDRA-6064
,CASSANDRA-6065,mishail:1
,CASSANDRA-6066,iamaleksey:1
,CASSANDRA-6067
,CASSANDRA-6068
,CASSANDRA-6069
,CASSANDRA-6070
,CASSANDRA-6071
,CASSANDRA-6072
,CASSANDRA-6073
,CASSANDRA-6074
,CASSANDRA-6075
,CASSANDRA-6076
,CASSANDRA-6077
,CASSANDRA-6078
,CASSANDRA-6079
,CASSANDRA-6080
,CASSANDRA-6081
,CASSANDRA-6082
,CASSANDRA-6083
,CASSANDRA-6084
,CASSANDRA-6085
,CASSANDRA-6086
,CASSANDRA-6087
,CASSANDRA-6088
,CASSANDRA-6089
,CASSANDRA-6090
,CASSANDRA-6091
,CASSANDRA-6092
,CASSANDRA-6093
,CASSANDRA-6094
,CASSANDRA-6095
,CASSANDRA-6096
,CASSANDRA-6097
,CASSANDRA-6098
,CASSANDRA-6099
,CASSANDRA-6100
,CASSANDRA-6101
,CASSANDRA-6102
,CASSANDRA-6103
,CASSANDRA-6104
,CASSANDRA-6105
,CASSANDRA-6106,xcbsmith:2
,CASSANDRA-6107
,CASSANDRA-6108
,CASSANDRA-6109
,CASSANDRA-6110,jblangston%40datastax.com:1
,CASSANDRA-6111
,CASSANDRA-6112
,CASSANDRA-6113
,CASSANDRA-6114
,CASSANDRA-6115
,CASSANDRA-6116
,CASSANDRA-6117
,CASSANDRA-6118
,CASSANDRA-6119
,CASSANDRA-6120
,CASSANDRA-6121
,CASSANDRA-6122
,CASSANDRA-6123
,CASSANDRA-6124
,CASSANDRA-6125,brandon.williams:1
,CASSANDRA-6126,brandon.williams:1,graham+sanderson:1
,CASSANDRA-6127
,CASSANDRA-6128
,CASSANDRA-6129
,CASSANDRA-6130
,CASSANDRA-6131
,CASSANDRA-6132
,CASSANDRA-6133
,CASSANDRA-6134,m0nstermind:2
,CASSANDRA-6135
,CASSANDRA-6136
,CASSANDRA-6137
,CASSANDRA-6138
,CASSANDRA-6139
,CASSANDRA-6140
,CASSANDRA-6141
,CASSANDRA-6142
,CASSANDRA-6143
,CASSANDRA-6144
,CASSANDRA-6145
,CASSANDRA-6146,benedict:1,mishail:1
,CASSANDRA-6147,appodictic:1,thobbs:1,jbellis:1
,CASSANDRA-6148
,CASSANDRA-6149
,CASSANDRA-6150
,CASSANDRA-6151
,CASSANDRA-6152
,CASSANDRA-6153
,CASSANDRA-6154
,CASSANDRA-6155
,CASSANDRA-6156
,CASSANDRA-6157,kohlisankalp:1
,CASSANDRA-6158
,CASSANDRA-6159
,CASSANDRA-6160
,CASSANDRA-6161
,CASSANDRA-6162
,CASSANDRA-6163
,CASSANDRA-6164
,CASSANDRA-6165
,CASSANDRA-6166
,CASSANDRA-6167
,CASSANDRA-6168
,CASSANDRA-6169
,CASSANDRA-6170
,CASSANDRA-6171
,CASSANDRA-6172
,CASSANDRA-6173
,CASSANDRA-6174
,CASSANDRA-6175
,CASSANDRA-6176
,CASSANDRA-6177
,CASSANDRA-6178,tupshin:1
,CASSANDRA-6179
,CASSANDRA-6180
,CASSANDRA-6181
,CASSANDRA-6182
,CASSANDRA-6183
,CASSANDRA-6184
,CASSANDRA-6185
,CASSANDRA-6186
,CASSANDRA-6187
,CASSANDRA-6188
,CASSANDRA-6189
,CASSANDRA-6190
,CASSANDRA-6191
,CASSANDRA-6192
,CASSANDRA-6193
,CASSANDRA-6194
,CASSANDRA-6195
,CASSANDRA-6196
,CASSANDRA-6197
,CASSANDRA-6198
,CASSANDRA-6199
,CASSANDRA-6200
,CASSANDRA-6201
,CASSANDRA-6202
,CASSANDRA-6203
,CASSANDRA-6204
,CASSANDRA-6205
,CASSANDRA-6206,xedin:1
,CASSANDRA-6207
,CASSANDRA-6208
,CASSANDRA-6209,benedict:1
,CASSANDRA-6210,rspitzer:2
,CASSANDRA-6211
,CASSANDRA-6212
,CASSANDRA-6213,brandon.williams:1
,CASSANDRA-6214
,CASSANDRA-6215
,CASSANDRA-6216
,CASSANDRA-6217
,CASSANDRA-6218
,CASSANDRA-6219
,CASSANDRA-6220
,CASSANDRA-6221
,CASSANDRA-6222
,CASSANDRA-6223
,CASSANDRA-6224
,CASSANDRA-6225
,CASSANDRA-6226
,CASSANDRA-6227
,CASSANDRA-6228
,CASSANDRA-6229
,CASSANDRA-6230
,CASSANDRA-6231
,CASSANDRA-6232
,CASSANDRA-6233
,CASSANDRA-6234
,CASSANDRA-6235
,CASSANDRA-6236,norman:2
,CASSANDRA-6237
,CASSANDRA-6238
,CASSANDRA-6239
,CASSANDRA-6240
,CASSANDRA-6241
,CASSANDRA-6242
,CASSANDRA-6243
,CASSANDRA-6244
,CASSANDRA-6245
,CASSANDRA-6246
,CASSANDRA-6247
,CASSANDRA-6248
,CASSANDRA-6249
,CASSANDRA-6250
,CASSANDRA-6251
,CASSANDRA-6252
,CASSANDRA-6253
,CASSANDRA-6254
,CASSANDRA-6255
,CASSANDRA-6256,brandon.williams:1
,CASSANDRA-6257
,CASSANDRA-6258
,CASSANDRA-6259
,CASSANDRA-6260
,CASSANDRA-6261
,CASSANDRA-6262
,CASSANDRA-6263
,CASSANDRA-6264
,CASSANDRA-6265
,CASSANDRA-6266
,CASSANDRA-6267
,CASSANDRA-6268
,CASSANDRA-6269
,CASSANDRA-6270
,CASSANDRA-6271
,CASSANDRA-6272
,CASSANDRA-6273
,CASSANDRA-6274
,CASSANDRA-6275
,CASSANDRA-6276,slebresne:1,blerer:1
,CASSANDRA-6277
,CASSANDRA-6278
,CASSANDRA-6279
,CASSANDRA-6280
,CASSANDRA-6281
,CASSANDRA-6282
,CASSANDRA-6283,Andie78:1
,CASSANDRA-6284
,CASSANDRA-6285,thobbs:1,krummas:1,benedict:1,enigmacurry:1,xedin:7,jbellis:2,brandon.kearby:3,ravilr:1,brandon.williams:3,rhatch:3,mishail:1,mshuler:4,chris.wirt:2,rbranson:3,kvaster:1
,CASSANDRA-6286
,CASSANDRA-6287
,CASSANDRA-6288
,CASSANDRA-6289
,CASSANDRA-6290
,CASSANDRA-6291
,CASSANDRA-6292
,CASSANDRA-6293
,CASSANDRA-6294
,CASSANDRA-6295
,CASSANDRA-6296
,CASSANDRA-6297
,CASSANDRA-6298
,CASSANDRA-6299
,CASSANDRA-6300
,CASSANDRA-6301
,CASSANDRA-6302
,CASSANDRA-6303
,CASSANDRA-6304
,CASSANDRA-6305,iamaleksey:2
,CASSANDRA-6306
,CASSANDRA-6307,iamaleksey:1,thobbs:5,mishail:3
,CASSANDRA-6308
,CASSANDRA-6309
,CASSANDRA-6310
,CASSANDRA-6311,slebresne:1,alexliu68:1
,CASSANDRA-6312
,CASSANDRA-6313
,CASSANDRA-6314
,CASSANDRA-6315
,CASSANDRA-6316
,CASSANDRA-6317
,CASSANDRA-6318
,CASSANDRA-6319
,CASSANDRA-6320,jeromatron:1
,CASSANDRA-6321
,CASSANDRA-6322
,CASSANDRA-6323
,CASSANDRA-6324
,CASSANDRA-6325
,CASSANDRA-6326,nickmbailey:2,brandon.williams:1
,CASSANDRA-6327
,CASSANDRA-6328
,CASSANDRA-6329
,CASSANDRA-6330
,CASSANDRA-6331
,CASSANDRA-6332
,CASSANDRA-6333
,CASSANDRA-6334
,CASSANDRA-6335,rbranson:1
,CASSANDRA-6336
,CASSANDRA-6337
,CASSANDRA-6338
,CASSANDRA-6339
,CASSANDRA-6340
,CASSANDRA-6341
,CASSANDRA-6342
,CASSANDRA-6343
,CASSANDRA-6344,swong15:2
,CASSANDRA-6345
,CASSANDRA-6346
,CASSANDRA-6347
,CASSANDRA-6348
,CASSANDRA-6349
,CASSANDRA-6350
,CASSANDRA-6351
,CASSANDRA-6352
,CASSANDRA-6353
,CASSANDRA-6354,rbranson:1
,CASSANDRA-6355
,CASSANDRA-6356
,CASSANDRA-6357,benedict:1,pmcfadin:1,djatnieks:1
,CASSANDRA-6358
,CASSANDRA-6359
,CASSANDRA-6360
,CASSANDRA-6361,boole:1
,CASSANDRA-6362
,CASSANDRA-6363,enigmacurry:1
,CASSANDRA-6364
,CASSANDRA-6365
,CASSANDRA-6366,exabytes18:1
,CASSANDRA-6367
,CASSANDRA-6368
,CASSANDRA-6369
,CASSANDRA-6370
,CASSANDRA-6371
,CASSANDRA-6372
,CASSANDRA-6373,nickmbailey:1
,CASSANDRA-6374
,CASSANDRA-6375
,CASSANDRA-6376
,CASSANDRA-6377,ztyx:1
,CASSANDRA-6378
,CASSANDRA-6379
,CASSANDRA-6380
,CASSANDRA-6381,mishail:2,yukim:1
,CASSANDRA-6382
,CASSANDRA-6383
,CASSANDRA-6384,enigmacurry:1
,CASSANDRA-6385
,CASSANDRA-6386
,CASSANDRA-6387
,CASSANDRA-6388
,CASSANDRA-6389
,CASSANDRA-6390
,CASSANDRA-6391
,CASSANDRA-6392
,CASSANDRA-6393
,CASSANDRA-6394
,CASSANDRA-6395
,CASSANDRA-6396
,CASSANDRA-6397,brandon.williams:2
,CASSANDRA-6398,enigmacurry:1
,CASSANDRA-6399
,CASSANDRA-6400
,CASSANDRA-6401
,CASSANDRA-6402
,CASSANDRA-6403
,CASSANDRA-6404
,CASSANDRA-6405,iamaleksey:1,slebresne:3,brandon.williams:1,alienth:1,mishail:1
,CASSANDRA-6406
,CASSANDRA-6407,xedin:3,ngrigoriev:2
,CASSANDRA-6408
,CASSANDRA-6409
,CASSANDRA-6410
,CASSANDRA-6411,pankaj.malhotra%40ul.com:1
,CASSANDRA-6412
,CASSANDRA-6413
,CASSANDRA-6414
,CASSANDRA-6415
,CASSANDRA-6416
,CASSANDRA-6417
,CASSANDRA-6418
,CASSANDRA-6419
,CASSANDRA-6420
,CASSANDRA-6421,jbellis:1,mshuler:3,cscetbon:4
,CASSANDRA-6422
,CASSANDRA-6423
,CASSANDRA-6424
,CASSANDRA-6425
,CASSANDRA-6426
,CASSANDRA-6427
,CASSANDRA-6428
,CASSANDRA-6429
,CASSANDRA-6430,thobbs:1
,CASSANDRA-6431
,CASSANDRA-6432
,CASSANDRA-6433
,CASSANDRA-6434,kohlisankalp:2
,CASSANDRA-6435
,CASSANDRA-6436,pkolaczk:1
,CASSANDRA-6437
,CASSANDRA-6438,slebresne:1
,CASSANDRA-6439
,CASSANDRA-6440,kohlisankalp:2,jbellis:1,lyubent:1
,CASSANDRA-6441
,CASSANDRA-6442
,CASSANDRA-6443
,CASSANDRA-6444
,CASSANDRA-6445
,CASSANDRA-6446,m0nstermind:1
,CASSANDRA-6447
,CASSANDRA-6448
,CASSANDRA-6449
,CASSANDRA-6450
,CASSANDRA-6451,benedict:1,rspitzer:1
,CASSANDRA-6452
,CASSANDRA-6453
,CASSANDRA-6454,alexliu68:2
,CASSANDRA-6455,kohlisankalp:1,krummas:1
,CASSANDRA-6456,sbridges:1
,CASSANDRA-6457,benedict:1
,CASSANDRA-6458
,CASSANDRA-6459
,CASSANDRA-6460
,CASSANDRA-6461,jpmora:1
,CASSANDRA-6462
,CASSANDRA-6463
,CASSANDRA-6464
,CASSANDRA-6465,ianbarfield:1
,CASSANDRA-6466
,CASSANDRA-6467
,CASSANDRA-6468
,CASSANDRA-6469
,CASSANDRA-6470
,CASSANDRA-6471
,CASSANDRA-6472,rhatch:1,mishail:1
,CASSANDRA-6473
,CASSANDRA-6474,kohlisankalp:1,iconara:1,jbellis:1,yukim:1
,CASSANDRA-6475,brandon.williams:1
,CASSANDRA-6476,brandon.williams:1,rlow:1
,CASSANDRA-6477,jjordan:1,benedict:2,pbailis:1,tjake:1,mstump:1
,CASSANDRA-6478
,CASSANDRA-6479
,CASSANDRA-6480
,CASSANDRA-6481
,CASSANDRA-6482
,CASSANDRA-6483
,CASSANDRA-6484
,CASSANDRA-6485
,CASSANDRA-6486
,CASSANDRA-6487,benedict:1,jbellis:1
,CASSANDRA-6488
,CASSANDRA-6489
,CASSANDRA-6490
,CASSANDRA-6491
,CASSANDRA-6492
,CASSANDRA-6493
,CASSANDRA-6494
,CASSANDRA-6495
,CASSANDRA-6496
,CASSANDRA-6497
,CASSANDRA-6498,beobal:1
,CASSANDRA-6499
,CASSANDRA-6500
,CASSANDRA-6501
,CASSANDRA-6502,dmakshay.se:1
,CASSANDRA-6503,jbellis:2,jasobrown:3,yukim:5
,CASSANDRA-6504
,CASSANDRA-6505,slebresne:1
,CASSANDRA-6506,slebresne:1,aabbeell:1
,CASSANDRA-6507
,CASSANDRA-6508
,CASSANDRA-6509
,CASSANDRA-6510
,CASSANDRA-6511
,CASSANDRA-6512
,CASSANDRA-6513,jbellis:1
,CASSANDRA-6514
,CASSANDRA-6515
,CASSANDRA-6516
,CASSANDRA-6517
,CASSANDRA-6518,lewismc:1,mishail:2
,CASSANDRA-6519
,CASSANDRA-6520,mishail:1
,CASSANDRA-6521
,CASSANDRA-6522,yukim:1
,CASSANDRA-6523,cburroughs:1
,CASSANDRA-6524
,CASSANDRA-6525,vkuptcov:1,mshuler:1
,CASSANDRA-6526
,CASSANDRA-6527
,CASSANDRA-6528
,CASSANDRA-6529
,CASSANDRA-6530
,CASSANDRA-6531
,CASSANDRA-6532
,CASSANDRA-6533
,CASSANDRA-6534
,CASSANDRA-6535
,CASSANDRA-6536
,CASSANDRA-6537
,CASSANDRA-6538,slebresne:1
,CASSANDRA-6539,yukim:1
,CASSANDRA-6540
,CASSANDRA-6541,benedict:2,jbellis:1,jasobrown:1,nickmbailey:1,mshuler:1
,CASSANDRA-6542
,CASSANDRA-6543
,CASSANDRA-6544,benedict:1
,CASSANDRA-6545
,CASSANDRA-6546,enigmacurry:1,jbellis:1,mishail:1
,CASSANDRA-6547
,CASSANDRA-6548
,CASSANDRA-6549
,CASSANDRA-6550
,CASSANDRA-6551,jbellis:1,mishail:1,rbranson:1
,CASSANDRA-6552
,CASSANDRA-6553,iamaleksey:5,benedict:1,slebresne:1,rhatch:6
,CASSANDRA-6554
,CASSANDRA-6555
,CASSANDRA-6556,brandon.williams:1
,CASSANDRA-6557
,CASSANDRA-6558,slebresne:2
,CASSANDRA-6559
,CASSANDRA-6560,pasthelod:1
,CASSANDRA-6561,nff:4,iamaleksey:1,slebresne:2
,CASSANDRA-6562,sdelmas:1
,CASSANDRA-6563,pauloricardomg:1,krummas:1
,CASSANDRA-6564
,CASSANDRA-6565,dv1983:1
,CASSANDRA-6566,kohlisankalp:2
,CASSANDRA-6567
,CASSANDRA-6568,krummas:1,elubow:1
,CASSANDRA-6569
,CASSANDRA-6570
,CASSANDRA-6571,brandon.williams:1
,CASSANDRA-6572,iamaleksey:1,thobbs:2,yarin:1,lyubent:1
,CASSANDRA-6573
,CASSANDRA-6574
,CASSANDRA-6575,dbrosius:1
,CASSANDRA-6576
,CASSANDRA-6577,JoshuaMcKenzie:1
,CASSANDRA-6578
,CASSANDRA-6579
,CASSANDRA-6580
,CASSANDRA-6581
,CASSANDRA-6582,rhatch:1
,CASSANDRA-6583
,CASSANDRA-6584
,CASSANDRA-6585
,CASSANDRA-6586
,CASSANDRA-6587
,CASSANDRA-6588,slebresne:1,pmcfadin:1
,CASSANDRA-6589,iamaleksey:1
,CASSANDRA-6590
,CASSANDRA-6591,benedict:1,yukim:1
,CASSANDRA-6592,thobbs:2
,CASSANDRA-6593
,CASSANDRA-6594
,CASSANDRA-6595
,CASSANDRA-6596,benedict:1
,CASSANDRA-6597
,CASSANDRA-6598,iamaleksey:1
,CASSANDRA-6599
,CASSANDRA-6600,mshuler:1,baldrick:2
,CASSANDRA-6601
,CASSANDRA-6602,krummas:1,Bj0rn:2
,CASSANDRA-6603,brandon.williams:1,yukim:2,cburroughs:1
,CASSANDRA-6604
,CASSANDRA-6605
,CASSANDRA-6606
,CASSANDRA-6607
,CASSANDRA-6608
,CASSANDRA-6609
,CASSANDRA-6610
,CASSANDRA-6611
,CASSANDRA-6612,beobal:1,enigmacurry:1,mshuler:1
,CASSANDRA-6613
,CASSANDRA-6614,jasobrown:2,cscetbon:1
,CASSANDRA-6615,brandon.williams:1
,CASSANDRA-6616
,CASSANDRA-6617
,CASSANDRA-6618
,CASSANDRA-6619
,CASSANDRA-6620
,CASSANDRA-6621,krummas:3,yukim:3,rbranson:2
,CASSANDRA-6622,thobbs:1,ravilr:1,yukim:1
,CASSANDRA-6623
,CASSANDRA-6624
,CASSANDRA-6625,brandon.williams:1
,CASSANDRA-6626,iamaleksey:2,rhatch:3
,CASSANDRA-6627
,CASSANDRA-6628,shohou:1
,CASSANDRA-6629
,CASSANDRA-6630
,CASSANDRA-6631
,CASSANDRA-6632
,CASSANDRA-6633
,CASSANDRA-6634
,CASSANDRA-6635
,CASSANDRA-6636,kohlisankalp:1
,CASSANDRA-6637
,CASSANDRA-6638
,CASSANDRA-6639
,CASSANDRA-6640
,CASSANDRA-6641
,CASSANDRA-6642
,CASSANDRA-6643,slebresne:1,rhatch:1
,CASSANDRA-6644
,CASSANDRA-6645
,CASSANDRA-6646,kohlisankalp:1,iamaleksey:1
,CASSANDRA-6647
,CASSANDRA-6648,enigmacurry:1
,CASSANDRA-6649
,CASSANDRA-6650
,CASSANDRA-6651,baldrick:1,mjaszczyk:1
,CASSANDRA-6652
,CASSANDRA-6653
,CASSANDRA-6654,krummas:1,jbellis:1,keithwrightbos:1
,CASSANDRA-6655
,CASSANDRA-6656,d.yuan:2,mishail:1
,CASSANDRA-6657
,CASSANDRA-6658
,CASSANDRA-6659,slebresne:1,bcoverston:1
,CASSANDRA-6660
,CASSANDRA-6661
,CASSANDRA-6662
,CASSANDRA-6663,slebresne:1
,CASSANDRA-6664
,CASSANDRA-6665
,CASSANDRA-6666,iamaleksey:1
,CASSANDRA-6667,krummas:1
,CASSANDRA-6668,iamaleksey:1,slebresne:1
,CASSANDRA-6669
,CASSANDRA-6670
,CASSANDRA-6671,jbellis:1
,CASSANDRA-6672
,CASSANDRA-6673,ignaced:1
,CASSANDRA-6674
,CASSANDRA-6675
,CASSANDRA-6676
,CASSANDRA-6677
,CASSANDRA-6678
,CASSANDRA-6679
,CASSANDRA-6680
,CASSANDRA-6681
,CASSANDRA-6682
,CASSANDRA-6683,thobbs:1,brandon.williams:1,kirill.sc:1
,CASSANDRA-6684
,CASSANDRA-6685
,CASSANDRA-6686
,CASSANDRA-6687
,CASSANDRA-6688
,CASSANDRA-6689,krummas:8,benedict:4,xedin:3,jbellis:5,slebresne:1
,CASSANDRA-6690
,CASSANDRA-6691,benedict:1,xedin:2
,CASSANDRA-6692
,CASSANDRA-6693
,CASSANDRA-6694,iamaleksey:4,thobbs:1,benedict:3,xedin:1,jbellis:5,slebresne:3,mshuler:2
,CASSANDRA-6695
,CASSANDRA-6696,kohlisankalp:2,benedict:1,tupshin:1
,CASSANDRA-6697
,CASSANDRA-6698
,CASSANDRA-6699,brandon.williams:1
,CASSANDRA-6700
,CASSANDRA-6701
,CASSANDRA-6702,timiblossom:1,jasobrown:1
,CASSANDRA-6703
,CASSANDRA-6704,jbellis:1
,CASSANDRA-6705
,CASSANDRA-6706
,CASSANDRA-6707,thobbs:2
,CASSANDRA-6708
,CASSANDRA-6709
,CASSANDRA-6710
,CASSANDRA-6711
,CASSANDRA-6712
,CASSANDRA-6713
,CASSANDRA-6714,enigmacurry:1
,CASSANDRA-6715
,CASSANDRA-6716
,CASSANDRA-6717
,CASSANDRA-6718
,CASSANDRA-6719
,CASSANDRA-6720
,CASSANDRA-6721
,CASSANDRA-6722
,CASSANDRA-6723
,CASSANDRA-6724
,CASSANDRA-6725
,CASSANDRA-6726,jbellis:1
,CASSANDRA-6727
,CASSANDRA-6728
,CASSANDRA-6729
,CASSANDRA-6730
,CASSANDRA-6731,enigmacurry:1,arisp:2
,CASSANDRA-6732
,CASSANDRA-6733,vijay2win%40yahoo.com:1
,CASSANDRA-6734
,CASSANDRA-6735
,CASSANDRA-6736
,CASSANDRA-6737,benedict:1
,CASSANDRA-6738
,CASSANDRA-6739
,CASSANDRA-6740
,CASSANDRA-6741
,CASSANDRA-6742,benedict:1
,CASSANDRA-6743
,CASSANDRA-6744,aplotnik:1,yukim:1
,CASSANDRA-6745,slebresne:1
,CASSANDRA-6746,benedict:4,enigmacurry:9,xedin:6,mshuler:1
,CASSANDRA-6747,kohlisankalp:2
,CASSANDRA-6748
,CASSANDRA-6749
,CASSANDRA-6750
,CASSANDRA-6751
,CASSANDRA-6752
,CASSANDRA-6753
,CASSANDRA-6754
,CASSANDRA-6755,slebresne:2,tjake:1
,CASSANDRA-6756,rcoli:1
,CASSANDRA-6757,iamaleksey:1,thobbs:1,rbranson:1
,CASSANDRA-6758
,CASSANDRA-6759
,CASSANDRA-6760,tjake:1
,CASSANDRA-6761
,CASSANDRA-6762
,CASSANDRA-6763
,CASSANDRA-6764,benedict:1
,CASSANDRA-6765
,CASSANDRA-6766
,CASSANDRA-6767
,CASSANDRA-6768
,CASSANDRA-6769
,CASSANDRA-6770
,CASSANDRA-6771
,CASSANDRA-6772,jbellis:1,cnlwsu:1,brandon.williams:1
,CASSANDRA-6773,Shiti:1,mishail:1
,CASSANDRA-6774
,CASSANDRA-6775
,CASSANDRA-6776
,CASSANDRA-6777
,CASSANDRA-6778
,CASSANDRA-6779,thobbs:1
,CASSANDRA-6780
,CASSANDRA-6781
,CASSANDRA-6782
,CASSANDRA-6783,thobbs:1
,CASSANDRA-6784
,CASSANDRA-6785
,CASSANDRA-6786
,CASSANDRA-6787
,CASSANDRA-6788,jbellis:1
,CASSANDRA-6789
,CASSANDRA-6790
,CASSANDRA-6791,kvaster:1
,CASSANDRA-6792
,CASSANDRA-6793,alexliu68:2
,CASSANDRA-6794
,CASSANDRA-6795,ala.alkhaldi:1
,CASSANDRA-6796
,CASSANDRA-6797
,CASSANDRA-6798,JoshuaMcKenzie:1
,CASSANDRA-6799
,CASSANDRA-6800
,CASSANDRA-6801
,CASSANDRA-6802
,CASSANDRA-6803
,CASSANDRA-6804
,CASSANDRA-6805
,CASSANDRA-6806
,CASSANDRA-6807
,CASSANDRA-6808
,CASSANDRA-6809,barnie:1,rbranson:1
,CASSANDRA-6810
,CASSANDRA-6811
,CASSANDRA-6812
,CASSANDRA-6813
,CASSANDRA-6814,brandon.williams:1
,CASSANDRA-6815,ravilr:1,kvaster:1
,CASSANDRA-6816
,CASSANDRA-6817
,CASSANDRA-6818,kohlisankalp:1,krummas:1,yukim:3,rlow:3
,CASSANDRA-6819
,CASSANDRA-6820
,CASSANDRA-6821
,CASSANDRA-6822,crack2drop:2,baldrick:1
,CASSANDRA-6823
,CASSANDRA-6824,xedin:2
,CASSANDRA-6825,wtmitchell3:3,thobbs:1,billmichell:1,slebresne:1
,CASSANDRA-6826,wtmitchell3:2
,CASSANDRA-6827
,CASSANDRA-6828
,CASSANDRA-6829,dmeyer:1,cdaw:1,odpeer:1
,CASSANDRA-6830
,CASSANDRA-6831,iamaleksey:1,mishail:2
,CASSANDRA-6832
,CASSANDRA-6833,iamaleksey:2,benedict:1
,CASSANDRA-6834
,CASSANDRA-6835,benedict:3,xedin:1,jbellis:1
,CASSANDRA-6836
,CASSANDRA-6837
,CASSANDRA-6838
,CASSANDRA-6839
,CASSANDRA-6840
,CASSANDRA-6841
,CASSANDRA-6842
,CASSANDRA-6843,slebresne:1
,CASSANDRA-6844
,CASSANDRA-6845,krummas:1
,CASSANDRA-6846,appodictic:2,jjordan:1,gdusbabek:1,devdazed:1,tupshin:2
,CASSANDRA-6847,jasobrown:1,slebresne:1
,CASSANDRA-6848,benedict:1,xedin:2,rhatch:1
,CASSANDRA-6849
,CASSANDRA-6850,thobbs:1,chander:1
,CASSANDRA-6851
,CASSANDRA-6852,jjordan:1,cscetbon:2
,CASSANDRA-6853
,CASSANDRA-6854
,CASSANDRA-6855
,CASSANDRA-6856
,CASSANDRA-6857
,CASSANDRA-6858,kvaster:1
,CASSANDRA-6859,enigmacurry:1
,CASSANDRA-6860
,CASSANDRA-6861,enigmacurry:1
,CASSANDRA-6862
,CASSANDRA-6863
,CASSANDRA-6864
,CASSANDRA-6865
,CASSANDRA-6866
,CASSANDRA-6867,jbellis:1
,CASSANDRA-6868
,CASSANDRA-6869
,CASSANDRA-6870,thobbs:1
,CASSANDRA-6871,jbellis:1
,CASSANDRA-6872
,CASSANDRA-6873
,CASSANDRA-6874
,CASSANDRA-6875,wtmitchell3:1,thobbs:1,slebresne:2,mfiguiere:1
,CASSANDRA-6876,sbtourist:1
,CASSANDRA-6877,brandon.williams:1,alexliu68:1
,CASSANDRA-6878
,CASSANDRA-6879,iamaleksey:1,mishail:2,shaochuan:2
,CASSANDRA-6880,jbellis:1
,CASSANDRA-6881,benedict:1
,CASSANDRA-6882
,CASSANDRA-6883
,CASSANDRA-6884
,CASSANDRA-6885
,CASSANDRA-6886
,CASSANDRA-6887,slebresne:1,baldrick:1
,CASSANDRA-6888
,CASSANDRA-6889,brandon.williams:1
,CASSANDRA-6890,benedict:2
,CASSANDRA-6891
,CASSANDRA-6892,thobbs:2,slebresne:1,christianmovi:3
,CASSANDRA-6893,thobbs:1
,CASSANDRA-6894
,CASSANDRA-6895,appodictic:1
,CASSANDRA-6896
,CASSANDRA-6897
,CASSANDRA-6898,jbellis:1
,CASSANDRA-6899
,CASSANDRA-6900
,CASSANDRA-6901
,CASSANDRA-6902
,CASSANDRA-6903
,CASSANDRA-6904,vijay2win%40yahoo.com:1,benedict:1
,CASSANDRA-6905,brandon.williams:1
,CASSANDRA-6906
,CASSANDRA-6907
,CASSANDRA-6908
,CASSANDRA-6909
,CASSANDRA-6910,snazy:1
,CASSANDRA-6911,enigmacurry:1
,CASSANDRA-6912,thobbs:1
,CASSANDRA-6913,ravilr:1
,CASSANDRA-6914
,CASSANDRA-6915
,CASSANDRA-6916,krummas:1,benedict:4,enigmacurry:3
,CASSANDRA-6917
,CASSANDRA-6918,iamaleksey:1,jbellis:3,redpriest:1
,CASSANDRA-6919,krummas:1
,CASSANDRA-6920,lyubent:1
,CASSANDRA-6921
,CASSANDRA-6922
,CASSANDRA-6923
,CASSANDRA-6924,thobbs:1
,CASSANDRA-6925
,CASSANDRA-6926
,CASSANDRA-6927,jbellis:1,alexliu68:4,sixpak32577:3,pkolaczk:4
,CASSANDRA-6928
,CASSANDRA-6929
,CASSANDRA-6930,thobbs:1
,CASSANDRA-6931
,CASSANDRA-6932
,CASSANDRA-6933
,CASSANDRA-6934
,CASSANDRA-6935
,CASSANDRA-6936
,CASSANDRA-6937
,CASSANDRA-6938,nietsnie:1
,CASSANDRA-6939
,CASSANDRA-6940
,CASSANDRA-6941
,CASSANDRA-6942
,CASSANDRA-6943
,CASSANDRA-6944,graham+sanderson:1
,CASSANDRA-6945
,CASSANDRA-6946
,CASSANDRA-6947
,CASSANDRA-6948
,CASSANDRA-6949
,CASSANDRA-6950
,CASSANDRA-6951
,CASSANDRA-6952
,CASSANDRA-6953
,CASSANDRA-6954
,CASSANDRA-6955
,CASSANDRA-6956
,CASSANDRA-6957,mshuler:1
,CASSANDRA-6958
,CASSANDRA-6959
,CASSANDRA-6960
,CASSANDRA-6961
,CASSANDRA-6962,JoshuaMcKenzie:2,joshuamckenzie:1,yukim:1
,CASSANDRA-6963
,CASSANDRA-6964
,CASSANDRA-6965,vijay2win%40yahoo.com:1
,CASSANDRA-6966
,CASSANDRA-6967
,CASSANDRA-6968,lyubent:1
,CASSANDRA-6969,jbellis:1
,CASSANDRA-6970
,CASSANDRA-6971,brandon.williams:1
,CASSANDRA-6972
,CASSANDRA-6973
,CASSANDRA-6974,vijay2win%40yahoo.com:1,benedict:3,enigmacurry:2,yukim:2
,CASSANDRA-6975,slebresne:3
,CASSANDRA-6976
,CASSANDRA-6977
,CASSANDRA-6978
,CASSANDRA-6979
,CASSANDRA-6980
,CASSANDRA-6981,mbligh:1
,CASSANDRA-6982
,CASSANDRA-6983
,CASSANDRA-6984
,CASSANDRA-6985,iamaleksey:1,yukim:1
,CASSANDRA-6986
,CASSANDRA-6987,benedict:1
,CASSANDRA-6988
,CASSANDRA-6989
,CASSANDRA-6990
,CASSANDRA-6991,thobbs:1
,CASSANDRA-6992,rbranson:1
,CASSANDRA-6993,benedict:1
,CASSANDRA-6994,iamaleksey:1
,CASSANDRA-6995,vijay2win%40yahoo.com:1,benedict:1,xedin:2,jbellis:1,jasobrown:1
,CASSANDRA-6996
,CASSANDRA-6997
,CASSANDRA-6998,gsanderson:1
,CASSANDRA-6999
,CASSANDRA-7000,thobbs:1,benedict:1,yukim:1
,CASSANDRA-7001,jjordan:1
,CASSANDRA-7002
,CASSANDRA-7003
,CASSANDRA-7004
,CASSANDRA-7005
,CASSANDRA-7006
,CASSANDRA-7007
,CASSANDRA-7008
,CASSANDRA-7009
,CASSANDRA-7010,mshuler:1
,CASSANDRA-7011,mshuler:3
,CASSANDRA-7012
,CASSANDRA-7013
,CASSANDRA-7014
,CASSANDRA-7015,yukim:1
,CASSANDRA-7016
,CASSANDRA-7017
,CASSANDRA-7018
,CASSANDRA-7019
,CASSANDRA-7020
,CASSANDRA-7021
,CASSANDRA-7022
,CASSANDRA-7023
,CASSANDRA-7024,JoshuaMcKenzie:1
,CASSANDRA-7025
,CASSANDRA-7026
,CASSANDRA-7027
,CASSANDRA-7028,JoshuaMcKenzie:1,tuxslayer:1
,CASSANDRA-7029,kohlisankalp:1
,CASSANDRA-7030,vijay2win%40yahoo.com:5
,CASSANDRA-7031,benedict:1,enigmacurry:2
,CASSANDRA-7032,soverton:1
,CASSANDRA-7033
,CASSANDRA-7034
,CASSANDRA-7035
,CASSANDRA-7036
,CASSANDRA-7037
,CASSANDRA-7038,dbrosius:1
,CASSANDRA-7039
,CASSANDRA-7040
,CASSANDRA-7041
,CASSANDRA-7042,zaller:1
,CASSANDRA-7043,nickmbailey:1
,CASSANDRA-7044
,CASSANDRA-7045
,CASSANDRA-7046,clardeur:1,brandon.williams:1
,CASSANDRA-7047,sbtourist:1
,CASSANDRA-7048
,CASSANDRA-7049
,CASSANDRA-7050,brandon.williams:1
,CASSANDRA-7051
,CASSANDRA-7052
,CASSANDRA-7053,iamaleksey:2
,CASSANDRA-7054
,CASSANDRA-7055
,CASSANDRA-7056,jjordan:1,iamaleksey:1,benedict:1,tupshin:1
,CASSANDRA-7057
,CASSANDRA-7058
,CASSANDRA-7059,slebresne:1
,CASSANDRA-7060
,CASSANDRA-7061
,CASSANDRA-7062
,CASSANDRA-7063
,CASSANDRA-7064
,CASSANDRA-7065
,CASSANDRA-7066,krummas:1,yukim:1
,CASSANDRA-7067
,CASSANDRA-7068,thobbs:1,enigmacurry:1
,CASSANDRA-7069
,CASSANDRA-7070
,CASSANDRA-7071
,CASSANDRA-7072
,CASSANDRA-7073,yukim:2
,CASSANDRA-7074
,CASSANDRA-7075,blambov:1
,CASSANDRA-7076
,CASSANDRA-7077
,CASSANDRA-7078
,CASSANDRA-7079
,CASSANDRA-7080
,CASSANDRA-7081
,CASSANDRA-7082
,CASSANDRA-7083
,CASSANDRA-7084
,CASSANDRA-7085
,CASSANDRA-7086
,CASSANDRA-7087
,CASSANDRA-7088
,CASSANDRA-7089
,CASSANDRA-7090,vijay2win%40gmail.com:1
,CASSANDRA-7091,yukim:1
,CASSANDRA-7092,yukim:1
,CASSANDRA-7093,brandon.williams:1,pkolaczk:1
,CASSANDRA-7094
,CASSANDRA-7095
,CASSANDRA-7096
,CASSANDRA-7097
,CASSANDRA-7098,suprajaj:1,yukim:1
,CASSANDRA-7099
,CASSANDRA-7100,alexliu68:1
,CASSANDRA-7101,sri7gster:2
,CASSANDRA-7102
,CASSANDRA-7103
,CASSANDRA-7104
,CASSANDRA-7105
,CASSANDRA-7106,victori:1,brandon.williams:1
,CASSANDRA-7107
,CASSANDRA-7108
,CASSANDRA-7109
,CASSANDRA-7110
,CASSANDRA-7111
,CASSANDRA-7112
,CASSANDRA-7113
,CASSANDRA-7114
,CASSANDRA-7115
,CASSANDRA-7116
,CASSANDRA-7117
,CASSANDRA-7118
,CASSANDRA-7119
,CASSANDRA-7120,rhatch:1
,CASSANDRA-7121
,CASSANDRA-7122
,CASSANDRA-7123,alexyz:1
,CASSANDRA-7124
,CASSANDRA-7125,vijay2win%40yahoo.com:2,benedict:1
,CASSANDRA-7126
,CASSANDRA-7127
,CASSANDRA-7128,dbrosius:1
,CASSANDRA-7129
,CASSANDRA-7130
,CASSANDRA-7131
,CASSANDRA-7132
,CASSANDRA-7133
,CASSANDRA-7134
,CASSANDRA-7135,jbellis:1
,CASSANDRA-7136,al%40ooyala.com:1,JoshuaMcKenzie:1,thobbs:1,nickmbailey:1
,CASSANDRA-7137
,CASSANDRA-7138
,CASSANDRA-7139
,CASSANDRA-7140
,CASSANDRA-7141
,CASSANDRA-7142
,CASSANDRA-7143
,CASSANDRA-7144,iamaleksey:1,thobbs:2,jason.punyon:4,nesnub:2,rlow:1
,CASSANDRA-7145
,CASSANDRA-7146
,CASSANDRA-7147
,CASSANDRA-7148
,CASSANDRA-7149
,CASSANDRA-7150
,CASSANDRA-7151
,CASSANDRA-7152
,CASSANDRA-7153
,CASSANDRA-7154
,CASSANDRA-7155
,CASSANDRA-7156,pyritschard:2,jjordan:1,jbellis:2,tupshin:1,brandon.williams:1,mshuler:1
,CASSANDRA-7157,james%40breachintelligence.com:1
,CASSANDRA-7158
,CASSANDRA-7159,jjordan:1
,CASSANDRA-7160,brandon.williams:2
,CASSANDRA-7161
,CASSANDRA-7162
,CASSANDRA-7163
,CASSANDRA-7164
,CASSANDRA-7165
,CASSANDRA-7166
,CASSANDRA-7167
,CASSANDRA-7168,slebresne:1
,CASSANDRA-7169
,CASSANDRA-7170
,CASSANDRA-7171
,CASSANDRA-7172
,CASSANDRA-7173,brandon.williams:1
,CASSANDRA-7174
,CASSANDRA-7175
,CASSANDRA-7176
,CASSANDRA-7177,sbtourist:1
,CASSANDRA-7178
,CASSANDRA-7179
,CASSANDRA-7180
,CASSANDRA-7181
,CASSANDRA-7182
,CASSANDRA-7183
,CASSANDRA-7184
,CASSANDRA-7185,thobbs:1
,CASSANDRA-7186,enigmacurry:1
,CASSANDRA-7187
,CASSANDRA-7188
,CASSANDRA-7189,yukim:1,mshuler:1
,CASSANDRA-7190
,CASSANDRA-7191
,CASSANDRA-7192
,CASSANDRA-7193
,CASSANDRA-7194
,CASSANDRA-7195
,CASSANDRA-7196
,CASSANDRA-7197,dbrosius:2
,CASSANDRA-7198
,CASSANDRA-7199
,CASSANDRA-7200,brandon.williams:1
,CASSANDRA-7201,benedict:2
,CASSANDRA-7202
,CASSANDRA-7203
,CASSANDRA-7204
,CASSANDRA-7205,devdazed:1,brandon.williams:1,mshuler:1
,CASSANDRA-7206,snazy:1,nickmbailey:1
,CASSANDRA-7207
,CASSANDRA-7208
,CASSANDRA-7209,mishail:1
,CASSANDRA-7210,Yasuharu:2,mishail:3
,CASSANDRA-7211
,CASSANDRA-7212
,CASSANDRA-7213
,CASSANDRA-7214
,CASSANDRA-7215
,CASSANDRA-7216,iamaleksey:2,dbrosius:1,dbrosius%40apache.org:1,odpeer:2
,CASSANDRA-7217
,CASSANDRA-7218,dbrosius:1
,CASSANDRA-7219,krummas:1
,CASSANDRA-7220,enigmacurry:1,rarudduck:1
,CASSANDRA-7221
,CASSANDRA-7222,mishail:1
,CASSANDRA-7223,philipthompson:1
,CASSANDRA-7224
,CASSANDRA-7225
,CASSANDRA-7226,dbrosius:1
,CASSANDRA-7227
,CASSANDRA-7228
,CASSANDRA-7229,filmaster.mrk:1
,CASSANDRA-7230
,CASSANDRA-7231,iamaleksey:1,thobbs:2
,CASSANDRA-7232,nickmbailey:1,pmcfadin:1
,CASSANDRA-7233
,CASSANDRA-7234
,CASSANDRA-7235,krummas:1
,CASSANDRA-7236
,CASSANDRA-7237
,CASSANDRA-7238
,CASSANDRA-7239,krummas:1
,CASSANDRA-7240
,CASSANDRA-7241
,CASSANDRA-7242
,CASSANDRA-7243
,CASSANDRA-7244
,CASSANDRA-7245,benedict:1,xedin:1,jasobrown:6,tjake:5
,CASSANDRA-7246
,CASSANDRA-7247
,CASSANDRA-7248
,CASSANDRA-7249,benedict:1
,CASSANDRA-7250
,CASSANDRA-7251
,CASSANDRA-7252,iamaleksey:2,rstrickland:1
,CASSANDRA-7253
,CASSANDRA-7254,JoshuaMcKenzie:1,cnlwsu:1,na-ga:1
,CASSANDRA-7255
,CASSANDRA-7256,slowenthal:1
,CASSANDRA-7257
,CASSANDRA-7258
,CASSANDRA-7259
,CASSANDRA-7260
,CASSANDRA-7261,thobbs:1
,CASSANDRA-7262,JoshuaMcKenzie:1,krummas:1
,CASSANDRA-7263,brandon.williams:1,mishail:1
,CASSANDRA-7264
,CASSANDRA-7265
,CASSANDRA-7266,xapharius:2
,CASSANDRA-7267,thobbs:2,slebresne:1
,CASSANDRA-7268,iamaleksey:1
,CASSANDRA-7269
,CASSANDRA-7270
,CASSANDRA-7271,jbellis:1,prasanthnath:1,mshuler:1
,CASSANDRA-7272
,CASSANDRA-7273,rfwagner%40gmail.com:1
,CASSANDRA-7274,pmcfadin:1,mishail:1
,CASSANDRA-7275,jbellis:1,mishail:1
,CASSANDRA-7276,eitikimura:1,nitzanv:1,yukim:1
,CASSANDRA-7277
,CASSANDRA-7278,jbellis:1
,CASSANDRA-7279,slebresne:1
,CASSANDRA-7280
,CASSANDRA-7281
,CASSANDRA-7282,JoshuaMcKenzie:1,iamaleksey:1,benedict:4,enigmacurry:2,jbellis:1,jasobrown:1
,CASSANDRA-7283
,CASSANDRA-7284
,CASSANDRA-7285
,CASSANDRA-7286,brandon.williams:1,mshuler:1
,CASSANDRA-7287
,CASSANDRA-7288,anguenot:2
,CASSANDRA-7289
,CASSANDRA-7290
,CASSANDRA-7291
,CASSANDRA-7292
,CASSANDRA-7293,crack2drop:1,jbellis:1,mshuler:1
,CASSANDRA-7294,brandon.williams:1
,CASSANDRA-7295
,CASSANDRA-7296
,CASSANDRA-7297
,CASSANDRA-7298
,CASSANDRA-7299,alexander_radzin:1
,CASSANDRA-7300
,CASSANDRA-7301
,CASSANDRA-7302
,CASSANDRA-7303
,CASSANDRA-7304,jjordan:1,slebresne:1
,CASSANDRA-7305
,CASSANDRA-7306
,CASSANDRA-7307,jbellis:1,rlow:1
,CASSANDRA-7308
,CASSANDRA-7309
,CASSANDRA-7310
,CASSANDRA-7311,iamaleksey:1,dbrosius:1,jbellis:1,mishail:1,mishraawake:2
,CASSANDRA-7312
,CASSANDRA-7313,adelapena:2
,CASSANDRA-7314
,CASSANDRA-7315
,CASSANDRA-7316,ala.alkhaldi:1,jbellis:1
,CASSANDRA-7317,krummas:1
,CASSANDRA-7318
,CASSANDRA-7319
,CASSANDRA-7320
,CASSANDRA-7321
,CASSANDRA-7322
,CASSANDRA-7323
,CASSANDRA-7324
,CASSANDRA-7325
,CASSANDRA-7326
,CASSANDRA-7327,JoshuaMcKenzie:1
,CASSANDRA-7328
,CASSANDRA-7329
,CASSANDRA-7330
,CASSANDRA-7331,yukim:1
,CASSANDRA-7332
,CASSANDRA-7333
,CASSANDRA-7334
,CASSANDRA-7335
,CASSANDRA-7336,nickmbailey:1,yukim:1
,CASSANDRA-7337
,CASSANDRA-7338,beobal:1,iamaleksey:1
,CASSANDRA-7339
,CASSANDRA-7340
,CASSANDRA-7341,jbellis:1
,CASSANDRA-7342,slebresne:1
,CASSANDRA-7343
,CASSANDRA-7344,slebresne:1
,CASSANDRA-7345,jbellis:1
,CASSANDRA-7346,rlow:1
,CASSANDRA-7347
,CASSANDRA-7348
,CASSANDRA-7349
,CASSANDRA-7350,mshuler:1
,CASSANDRA-7351
,CASSANDRA-7352
,CASSANDRA-7353
,CASSANDRA-7354
,CASSANDRA-7355
,CASSANDRA-7356
,CASSANDRA-7357
,CASSANDRA-7358
,CASSANDRA-7359,kohlisankalp:1
,CASSANDRA-7360
,CASSANDRA-7361,jfurmankiewicz:1
,CASSANDRA-7362
,CASSANDRA-7363,cywjackson:1
,CASSANDRA-7364
,CASSANDRA-7365,benedict:1
,CASSANDRA-7366
,CASSANDRA-7367
,CASSANDRA-7368
,CASSANDRA-7369,mishail:1
,CASSANDRA-7370,iamaleksey:1
,CASSANDRA-7371,iamaleksey:1,snazy:1,slebresne:1,mshuler:1,philipthompson:1
,CASSANDRA-7372
,CASSANDRA-7373,jeffery.griffith:2,jbellis:2,mishail:1
,CASSANDRA-7374
,CASSANDRA-7375
,CASSANDRA-7376
,CASSANDRA-7377
,CASSANDRA-7378
,CASSANDRA-7379,slebresne:1,mishail:1,jkrupan:1
,CASSANDRA-7380
,CASSANDRA-7381,brandon.williams:1
,CASSANDRA-7382,slebresne:1
,CASSANDRA-7383
,CASSANDRA-7384
,CASSANDRA-7385
,CASSANDRA-7386,jbellis:1,snazy:2,yukim:1,lyubent:3
,CASSANDRA-7387
,CASSANDRA-7388
,CASSANDRA-7389
,CASSANDRA-7390,thobbs:1
,CASSANDRA-7391
,CASSANDRA-7392
,CASSANDRA-7393
,CASSANDRA-7394
,CASSANDRA-7395,thobbs:5,snazy:2,lyubent:1
,CASSANDRA-7396
,CASSANDRA-7397,kishkaru:1
,CASSANDRA-7398,JoshuaMcKenzie:4,totopo_loco:2
,CASSANDRA-7399,thobbs:2,mishail:1
,CASSANDRA-7400
,CASSANDRA-7401,iamaleksey:1
,CASSANDRA-7402,rbranson:1
,CASSANDRA-7403,slebresne:1
,CASSANDRA-7404
,CASSANDRA-7405
,CASSANDRA-7406
,CASSANDRA-7407,iamaleksey:1
,CASSANDRA-7408
,CASSANDRA-7409,lyubent:1
,CASSANDRA-7410,alexliu68:1
,CASSANDRA-7411
,CASSANDRA-7412
,CASSANDRA-7413
,CASSANDRA-7414
,CASSANDRA-7415
,CASSANDRA-7416
,CASSANDRA-7417
,CASSANDRA-7418
,CASSANDRA-7419
,CASSANDRA-7420
,CASSANDRA-7421
,CASSANDRA-7422
,CASSANDRA-7423
,CASSANDRA-7424
,CASSANDRA-7425
,CASSANDRA-7426
,CASSANDRA-7427,dbrosius:1
,CASSANDRA-7428,iamaleksey:1
,CASSANDRA-7429
,CASSANDRA-7430,JoshuaMcKenzie:1
,CASSANDRA-7431
,CASSANDRA-7432,JoshuaMcKenzie:1,enigmacurry:1
,CASSANDRA-7433
,CASSANDRA-7434
,CASSANDRA-7435
,CASSANDRA-7436
,CASSANDRA-7437
,CASSANDRA-7438,vijay2win%40yahoo.com:2,rstupp%40pironet-ndh.com:1,jbellis:1,snazy:1,vijay2win%40gmail.com:1
,CASSANDRA-7439
,CASSANDRA-7440
,CASSANDRA-7441
,CASSANDRA-7442
,CASSANDRA-7443,jasobrown:1,tjake:1
,CASSANDRA-7444,rocco.varela:1
,CASSANDRA-7445,pauloricardomg:1,alexliu68:1
,CASSANDRA-7446
,CASSANDRA-7447,iamaleksey:1,benedict:1,slebresne:1,jkrupan:1
,CASSANDRA-7448
,CASSANDRA-7449,slebresne:1
,CASSANDRA-7450,pauloricardomg:1,yukim:1
,CASSANDRA-7451
,CASSANDRA-7452
,CASSANDRA-7453
,CASSANDRA-7454
,CASSANDRA-7455
,CASSANDRA-7456
,CASSANDRA-7457,jsabin:2
,CASSANDRA-7458
,CASSANDRA-7459
,CASSANDRA-7460,iamaleksey:1,yukim:1
,CASSANDRA-7461
,CASSANDRA-7462
,CASSANDRA-7463,yukim:1
,CASSANDRA-7464
,CASSANDRA-7465,benedict:2,jasobrown:1,tjake:2
,CASSANDRA-7466,JoshuaMcKenzie:1,iamaleksey:1,enigmacurry:1
,CASSANDRA-7467,enigmacurry:1
,CASSANDRA-7468,benedict:1
,CASSANDRA-7469
,CASSANDRA-7470
,CASSANDRA-7471
,CASSANDRA-7472
,CASSANDRA-7473,philipthompson:1
,CASSANDRA-7474
,CASSANDRA-7475
,CASSANDRA-7476,jbellis:1,iheanyi:1,tjake:1
,CASSANDRA-7477,thobbs:1,kishkaru:2,jbellis:1,mishail:1
,CASSANDRA-7478
,CASSANDRA-7479,slebresne:1
,CASSANDRA-7480,krummas:1
,CASSANDRA-7481
,CASSANDRA-7482
,CASSANDRA-7483,jpenninkhof:1
,CASSANDRA-7484
,CASSANDRA-7485
,CASSANDRA-7486,benedict:1
,CASSANDRA-7487
,CASSANDRA-7488
,CASSANDRA-7489,rbranson:1
,CASSANDRA-7490
,CASSANDRA-7491,brandon.williams:1
,CASSANDRA-7492
,CASSANDRA-7493,krummas:1,azotcsit:1
,CASSANDRA-7494
,CASSANDRA-7495
,CASSANDRA-7496,tjake:1
,CASSANDRA-7497
,CASSANDRA-7498,blerer:1
,CASSANDRA-7499
,CASSANDRA-7500
,CASSANDRA-7501
,CASSANDRA-7502
,CASSANDRA-7503
,CASSANDRA-7504
,CASSANDRA-7505
,CASSANDRA-7506
,CASSANDRA-7507,kmueller:1,iamaleksey:1,benedict:1,jbellis:1
,CASSANDRA-7508
,CASSANDRA-7509,jbellis:1
,CASSANDRA-7510,brandon.williams:1
,CASSANDRA-7511,jjordan:1,brandon.williams:1,tjake:1,christianmovi:1,vjevdokimov:1
,CASSANDRA-7512
,CASSANDRA-7513
,CASSANDRA-7514,iamaleksey:1
,CASSANDRA-7515
,CASSANDRA-7516,mishail:1
,CASSANDRA-7517
,CASSANDRA-7518
,CASSANDRA-7519
,CASSANDRA-7520
,CASSANDRA-7521
,CASSANDRA-7522
,CASSANDRA-7523,iamaleksey:1,thobbs:2
,CASSANDRA-7524,tuukka.mustonen:1
,CASSANDRA-7525
,CASSANDRA-7526,thobbs:1,blerer:1
,CASSANDRA-7527,khahn:1
,CASSANDRA-7528
,CASSANDRA-7529
,CASSANDRA-7530
,CASSANDRA-7531
,CASSANDRA-7532,dignity:2
,CASSANDRA-7533
,CASSANDRA-7534,morten%40apache.org:1,iamaleksey:1
,CASSANDRA-7535
,CASSANDRA-7536
,CASSANDRA-7537
,CASSANDRA-7538
,CASSANDRA-7539
,CASSANDRA-7540
,CASSANDRA-7541
,CASSANDRA-7542,kohlisankalp:1,benedict:1
,CASSANDRA-7543
,CASSANDRA-7544
,CASSANDRA-7545,jbellis:1
,CASSANDRA-7546,iamaleksey:1,benedict:1,slebresne:1
,CASSANDRA-7547,brandon.williams:1
,CASSANDRA-7548
,CASSANDRA-7549
,CASSANDRA-7550
,CASSANDRA-7551
,CASSANDRA-7552
,CASSANDRA-7553
,CASSANDRA-7554
,CASSANDRA-7555
,CASSANDRA-7556
,CASSANDRA-7557
,CASSANDRA-7558
,CASSANDRA-7559,benedict:1,tjake:1
,CASSANDRA-7560,jjordan:2,krummas:1,yukim:2
,CASSANDRA-7561
,CASSANDRA-7562
,CASSANDRA-7563,thobbs:1
,CASSANDRA-7564
,CASSANDRA-7565
,CASSANDRA-7566,0x6e6562:1,yukim:1
,CASSANDRA-7567
,CASSANDRA-7568
,CASSANDRA-7569
,CASSANDRA-7570
,CASSANDRA-7571
,CASSANDRA-7572
,CASSANDRA-7573
,CASSANDRA-7574
,CASSANDRA-7575,sbtourist:3,jbellis:1,tjake:1,adelapena:5
,CASSANDRA-7576,iamaleksey:3,krieb:2
,CASSANDRA-7577,joshuaMcKenzie:1,iamaleksey:1
,CASSANDRA-7578
,CASSANDRA-7579
,CASSANDRA-7580
,CASSANDRA-7581
,CASSANDRA-7582,benedict:1,enigmacurry:1,rhatch:1
,CASSANDRA-7583
,CASSANDRA-7584
,CASSANDRA-7585,krummas:1
,CASSANDRA-7586
,CASSANDRA-7587,JoshuaMcKenzie:1
,CASSANDRA-7588,brandon.williams:1,djatnieks:1
,CASSANDRA-7589
,CASSANDRA-7590,snazy:1,hddn:2,brandon.williams:1
,CASSANDRA-7591
,CASSANDRA-7592
,CASSANDRA-7593,rhatch:2
,CASSANDRA-7594,xedin:3,jasobrown:1,rbranson:1,philipthompson:5
,CASSANDRA-7595,mirko.tschaeni:1
,CASSANDRA-7596
,CASSANDRA-7597,benedict:2,yukim:1
,CASSANDRA-7598
,CASSANDRA-7599,thobbs:1
,CASSANDRA-7600,thobbs:1,mishail:1
,CASSANDRA-7601
,CASSANDRA-7602,rhatch:1
,CASSANDRA-7603
,CASSANDRA-7604
,CASSANDRA-7605
,CASSANDRA-7606,snazy:1
,CASSANDRA-7607
,CASSANDRA-7608,benedict:1
,CASSANDRA-7609
,CASSANDRA-7610
,CASSANDRA-7611
,CASSANDRA-7612
,CASSANDRA-7613
,CASSANDRA-7614
,CASSANDRA-7615
,CASSANDRA-7616
,CASSANDRA-7617
,CASSANDRA-7618
,CASSANDRA-7619
,CASSANDRA-7620,benedict:1
,CASSANDRA-7621
,CASSANDRA-7622,hayato.shimizu:1
,CASSANDRA-7623
,CASSANDRA-7624
,CASSANDRA-7625
,CASSANDRA-7626
,CASSANDRA-7627
,CASSANDRA-7628
,CASSANDRA-7629
,CASSANDRA-7630
,CASSANDRA-7631,benedict:1,tjake:1
,CASSANDRA-7632
,CASSANDRA-7633
,CASSANDRA-7634
,CASSANDRA-7635
,CASSANDRA-7636,brandon.williams:2
,CASSANDRA-7637
,CASSANDRA-7638
,CASSANDRA-7639
,CASSANDRA-7640
,CASSANDRA-7641,mishail:1,philipthompson:2
,CASSANDRA-7642,thobbs:1
,CASSANDRA-7643,brandon.williams:1
,CASSANDRA-7644,benedict:1
,CASSANDRA-7645
,CASSANDRA-7646
,CASSANDRA-7647,iamaleksey:1
,CASSANDRA-7648
,CASSANDRA-7649
,CASSANDRA-7650
,CASSANDRA-7651
,CASSANDRA-7652
,CASSANDRA-7653,enigmacurry:1,mshuler:1
,CASSANDRA-7654,tjake:2
,CASSANDRA-7655
,CASSANDRA-7656
,CASSANDRA-7657
,CASSANDRA-7658
,CASSANDRA-7659
,CASSANDRA-7660
,CASSANDRA-7661
,CASSANDRA-7662
,CASSANDRA-7663
,CASSANDRA-7664
,CASSANDRA-7665,thobbs:1,yukim:1
,CASSANDRA-7666
,CASSANDRA-7667
,CASSANDRA-7668
,CASSANDRA-7669,snazy:1,aholmber:1
,CASSANDRA-7670
,CASSANDRA-7671,thobbs:1
,CASSANDRA-7672
,CASSANDRA-7673
,CASSANDRA-7674
,CASSANDRA-7675
,CASSANDRA-7676,mshuler:1
,CASSANDRA-7677
,CASSANDRA-7678
,CASSANDRA-7679
,CASSANDRA-7680
,CASSANDRA-7681
,CASSANDRA-7682,iamaleksey:1,snazy:1
,CASSANDRA-7683,ztyx:1,jkrupan:1
,CASSANDRA-7684
,CASSANDRA-7685
,CASSANDRA-7686
,CASSANDRA-7687,mishail:1
,CASSANDRA-7688
,CASSANDRA-7689
,CASSANDRA-7690,JoshuaMcKenzie:1
,CASSANDRA-7691
,CASSANDRA-7692
,CASSANDRA-7693
,CASSANDRA-7694,mshuler:1
,CASSANDRA-7695,benedict:1,trustin:1,tjake:2,norman:1
,CASSANDRA-7696
,CASSANDRA-7697
,CASSANDRA-7698
,CASSANDRA-7699,brandon.williams:1,yukim:1
,CASSANDRA-7700
,CASSANDRA-7701
,CASSANDRA-7702
,CASSANDRA-7703
,CASSANDRA-7704,yukim:1,rbranson:1
,CASSANDRA-7705
,CASSANDRA-7706
,CASSANDRA-7707
,CASSANDRA-7708
,CASSANDRA-7709
,CASSANDRA-7710,yarin:1,mshuler:1
,CASSANDRA-7711
,CASSANDRA-7712
,CASSANDRA-7713
,CASSANDRA-7714
,CASSANDRA-7715
,CASSANDRA-7716
,CASSANDRA-7717
,CASSANDRA-7718,mshuler:1
,CASSANDRA-7719
,CASSANDRA-7720
,CASSANDRA-7721
,CASSANDRA-7722,blerer:1
,CASSANDRA-7723
,CASSANDRA-7724
,CASSANDRA-7725
,CASSANDRA-7726,brandon.williams:1
,CASSANDRA-7727,jbellis:1
,CASSANDRA-7728
,CASSANDRA-7729
,CASSANDRA-7730
,CASSANDRA-7731,snazy:4
,CASSANDRA-7732,iamaleksey:2,msukmanowsky:2,benedict:1
,CASSANDRA-7733
,CASSANDRA-7734,jbellis:1,graham+sanderson:1
,CASSANDRA-7735
,CASSANDRA-7736,jbellis:1
,CASSANDRA-7737
,CASSANDRA-7738
,CASSANDRA-7739
,CASSANDRA-7740,thobbs:1,slebresne:1
,CASSANDRA-7741
,CASSANDRA-7742
,CASSANDRA-7743,benedict:6,enigmacurry:1,tjake:2,pingtimeout:1,norman:1
,CASSANDRA-7744,iamaleksey:2,snazy:1
,CASSANDRA-7745
,CASSANDRA-7746,philipthompson:1
,CASSANDRA-7747
,CASSANDRA-7748
,CASSANDRA-7749
,CASSANDRA-7750
,CASSANDRA-7751
,CASSANDRA-7752
,CASSANDRA-7753,slebresne:1
,CASSANDRA-7754,shalupov:1
,CASSANDRA-7755
,CASSANDRA-7756
,CASSANDRA-7757
,CASSANDRA-7758
,CASSANDRA-7759,fabrice.larcher:1,flarcher:1
,CASSANDRA-7760
,CASSANDRA-7761
,CASSANDRA-7762
,CASSANDRA-7763
,CASSANDRA-7764
,CASSANDRA-7765
,CASSANDRA-7766
,CASSANDRA-7767
,CASSANDRA-7768,blerer:1
,CASSANDRA-7769,thobbs:1
,CASSANDRA-7770
,CASSANDRA-7771
,CASSANDRA-7772,jbellis:1
,CASSANDRA-7773
,CASSANDRA-7774,alexliu68:1,jlewandowski:1,pkolaczk:1
,CASSANDRA-7775
,CASSANDRA-7776
,CASSANDRA-7777
,CASSANDRA-7778
,CASSANDRA-7779
,CASSANDRA-7780,dharsanl:2
,CASSANDRA-7781
,CASSANDRA-7782
,CASSANDRA-7783
,CASSANDRA-7784
,CASSANDRA-7785,mishail:2,aploetz:3
,CASSANDRA-7786
,CASSANDRA-7787,slebresne:1
,CASSANDRA-7788
,CASSANDRA-7789,thobbs:1,mishail:1
,CASSANDRA-7790
,CASSANDRA-7791
,CASSANDRA-7792
,CASSANDRA-7793
,CASSANDRA-7794
,CASSANDRA-7795
,CASSANDRA-7796,benedict:1
,CASSANDRA-7797
,CASSANDRA-7798
,CASSANDRA-7799
,CASSANDRA-7800,codyrank:1
,CASSANDRA-7801,iamaleksey:1,slebresne:1,philipthompson:1
,CASSANDRA-7802,mshuler:1
,CASSANDRA-7803
,CASSANDRA-7804
,CASSANDRA-7805
,CASSANDRA-7806
,CASSANDRA-7807
,CASSANDRA-7808
,CASSANDRA-7809
,CASSANDRA-7810,jbellis:1,jhalliday:1
,CASSANDRA-7811
,CASSANDRA-7812
,CASSANDRA-7813,thobbs:1
,CASSANDRA-7814
,CASSANDRA-7815
,CASSANDRA-7816
,CASSANDRA-7817
,CASSANDRA-7818,krummas:1
,CASSANDRA-7819,krummas:1
,CASSANDRA-7820,JoshuaMcKenzie:1,tjake:1
,CASSANDRA-7821,benedict:1
,CASSANDRA-7822
,CASSANDRA-7823
,CASSANDRA-7824,thobbs:1
,CASSANDRA-7825
,CASSANDRA-7826
,CASSANDRA-7827
,CASSANDRA-7828,peter-librato:1,iamaleksey:2
,CASSANDRA-7829
,CASSANDRA-7830
,CASSANDRA-7831,iamaleksey:1,philipthompson:1
,CASSANDRA-7832
,CASSANDRA-7833
,CASSANDRA-7834
,CASSANDRA-7835,iamaleksey:2
,CASSANDRA-7836
,CASSANDRA-7837,appodictic:2,jasobrown:1,snazy:1,yukim:2
,CASSANDRA-7838
,CASSANDRA-7839
,CASSANDRA-7840,tjake:1,yukim:2,bdeggleston:1
,CASSANDRA-7841
,CASSANDRA-7842
,CASSANDRA-7843
,CASSANDRA-7844
,CASSANDRA-7845
,CASSANDRA-7846
,CASSANDRA-7847
,CASSANDRA-7848
,CASSANDRA-7849
,CASSANDRA-7850,jbellis:1
,CASSANDRA-7851
,CASSANDRA-7852
,CASSANDRA-7853,thobbs:1,mishail:1
,CASSANDRA-7854
,CASSANDRA-7855,slebresne:1
,CASSANDRA-7856
,CASSANDRA-7857,iamaleksey:1,pmcfadin:1
,CASSANDRA-7858,snazy:1,philipthompson:1
,CASSANDRA-7859
,CASSANDRA-7860
,CASSANDRA-7861,brandon.williams:2
,CASSANDRA-7862
,CASSANDRA-7863
,CASSANDRA-7864
,CASSANDRA-7865
,CASSANDRA-7866,tecbot:1,krummas:1
,CASSANDRA-7867
,CASSANDRA-7868
,CASSANDRA-7869
,CASSANDRA-7870,iamaleksey:1
,CASSANDRA-7871,krummas:1
,CASSANDRA-7872,iamaleksey:1
,CASSANDRA-7873,benedict:2,mishail:1
,CASSANDRA-7874
,CASSANDRA-7875
,CASSANDRA-7876,thobbs:1,mishail:1
,CASSANDRA-7877
,CASSANDRA-7878
,CASSANDRA-7879
,CASSANDRA-7880
,CASSANDRA-7881
,CASSANDRA-7882,pateljay3001:1
,CASSANDRA-7883
,CASSANDRA-7884
,CASSANDRA-7885,xedin:1
,CASSANDRA-7886,kohlisankalp:2,slebresne:2
,CASSANDRA-7887
,CASSANDRA-7888
,CASSANDRA-7889
,CASSANDRA-7890
,CASSANDRA-7891
,CASSANDRA-7892,mishail:1,lyubent:1
,CASSANDRA-7893
,CASSANDRA-7894
,CASSANDRA-7895,slebresne:1
,CASSANDRA-7896
,CASSANDRA-7897
,CASSANDRA-7898
,CASSANDRA-7899
,CASSANDRA-7900
,CASSANDRA-7901
,CASSANDRA-7902
,CASSANDRA-7903
,CASSANDRA-7904,baldrick:1
,CASSANDRA-7905
,CASSANDRA-7906
,CASSANDRA-7907,jasobrown:1
,CASSANDRA-7908
,CASSANDRA-7909
,CASSANDRA-7910
,CASSANDRA-7911
,CASSANDRA-7912,brandon.williams:1
,CASSANDRA-7913
,CASSANDRA-7914
,CASSANDRA-7915
,CASSANDRA-7916,tjake:1
,CASSANDRA-7917
,CASSANDRA-7918,enigmacurry:1
,CASSANDRA-7919,benedict:1
,CASSANDRA-7920
,CASSANDRA-7921
,CASSANDRA-7922
,CASSANDRA-7923
,CASSANDRA-7924,slebresne:1
,CASSANDRA-7925
,CASSANDRA-7926
,CASSANDRA-7927
,CASSANDRA-7928,jjordan:1,benedict:2
,CASSANDRA-7929
,CASSANDRA-7930,iamaleksey:1,thobbs:1,rstrickland:2
,CASSANDRA-7931
,CASSANDRA-7932,yukim:1
,CASSANDRA-7933
,CASSANDRA-7934
,CASSANDRA-7935
,CASSANDRA-7936
,CASSANDRA-7937
,CASSANDRA-7938
,CASSANDRA-7939
,CASSANDRA-7940
,CASSANDRA-7941,jared.biel%40bolderthinking.com:1
,CASSANDRA-7942
,CASSANDRA-7943
,CASSANDRA-7944,thobbs:1
,CASSANDRA-7945
,CASSANDRA-7946
,CASSANDRA-7947
,CASSANDRA-7948
,CASSANDRA-7949
,CASSANDRA-7950
,CASSANDRA-7951
,CASSANDRA-7952,harisekhon:1
,CASSANDRA-7953
,CASSANDRA-7954
,CASSANDRA-7955
,CASSANDRA-7956
,CASSANDRA-7957
,CASSANDRA-7958
,CASSANDRA-7959
,CASSANDRA-7960
,CASSANDRA-7961
,CASSANDRA-7962
,CASSANDRA-7963
,CASSANDRA-7964
,CASSANDRA-7965
,CASSANDRA-7966
,CASSANDRA-7967
,CASSANDRA-7968
,CASSANDRA-7969,tjake:1
,CASSANDRA-7970
,CASSANDRA-7971
,CASSANDRA-7972
,CASSANDRA-7973
,CASSANDRA-7974
,CASSANDRA-7975
,CASSANDRA-7976
,CASSANDRA-7977
,CASSANDRA-7978
,CASSANDRA-7979,jbellis:1
,CASSANDRA-7980
,CASSANDRA-7981
,CASSANDRA-7982
,CASSANDRA-7983
,CASSANDRA-7984
,CASSANDRA-7985
,CASSANDRA-7986
,CASSANDRA-7987
,CASSANDRA-7988
,CASSANDRA-7989
,CASSANDRA-7990
,CASSANDRA-7991
,CASSANDRA-7992
,CASSANDRA-7993
,CASSANDRA-7994
,CASSANDRA-7995
,CASSANDRA-7996
,CASSANDRA-7997
,CASSANDRA-7998
,CASSANDRA-7999
